start_time,end_time,duration_seconds,record_count,transactions_per_second,latency_ms,metrics_latency_ms
2024-07-29 07:18:09.061640 +0000 UTC m=+9.061640,2024-07-29 07:18:09.063293 +0000 UTC m=+9.063293,0.001653,200,120992.13551119178,1.653,7.329
2024-07-29 07:18:19.099216 +0000 UTC m=+19.099216,2024-07-29 07:18:19.100674 +0000 UTC m=+19.100674,0.001458,400,274348.4224965706,1.4580000000000002,6.625
2024-07-29 07:18:29.134613 +0000 UTC m=+29.134613,2024-07-29 07:18:29.136309 +0000 UTC m=+29.136309,0.001696,600,353773.58490566036,1.696,6.648000000000001
2024-07-29 07:18:39.170568 +0000 UTC m=+39.170568,2024-07-29 07:18:39.172364 +0000 UTC m=+39.172364,0.001796,800,445434.2984409799,1.796,6.202
2024-07-29 07:18:49.206660 +0000 UTC m=+49.206660,2024-07-29 07:18:49.209583 +0000 UTC m=+49.209583,0.002923,1000,342114.2661648991,2.9229999999999996,6.699
2024-07-29 07:18:59.244282 +0000 UTC m=+59.244282,2024-07-29 07:18:59.245892 +0000 UTC m=+59.245892,0.00161,200,124223.60248447204,1.61,6.09
2024-07-29 07:19:09.278881 +0000 UTC m=+9.278881,2024-07-29 07:19:09.280628 +0000 UTC m=+9.280628,0.001747,400,228963.9381797367,1.747,5.916
2024-07-29 07:19:19.314929 +0000 UTC m=+19.314929,2024-07-29 07:19:19.316481 +0000 UTC m=+19.316481,0.001552,600,386597.9381443299,1.552,6.414000000000001
2024-07-29 07:19:29.350065 +0000 UTC m=+29.350065,2024-07-29 07:19:29.351566 +0000 UTC m=+29.351566,0.001501,800,532978.0146568954,1.501,6.279
2024-07-29 07:19:39.385714 +0000 UTC m=+39.385714,2024-07-29 07:19:39.387691 +0000 UTC m=+39.387691,0.001977,1000,505816.8942842691,1.977,6.525
2024-07-29 07:19:49.421404 +0000 UTC m=+49.421404,2024-07-29 07:19:49.422881 +0000 UTC m=+49.422881,0.001477,200,135409.61408259987,1.477,6.1739999999999995
2024-07-29 07:19:59.456742 +0000 UTC m=+59.456742,2024-07-29 07:19:59.458313 +0000 UTC m=+59.458313,0.001571,400,254614.89497135582,1.571,6.068
2024-07-29 07:20:09.492244 +0000 UTC m=+9.492244,2024-07-29 07:20:09.493970 +0000 UTC m=+9.493970,0.001726,600,347624.56546929316,1.7260000000000002,6.241
2024-07-29 07:20:19.525344 +0000 UTC m=+19.525344,2024-07-29 07:20:19.526978 +0000 UTC m=+19.526978,0.001634,800,489596.08323133417,1.6340000000000001,6.41
2024-07-29 07:20:29.561716 +0000 UTC m=+29.561716,2024-07-29 07:20:29.563439 +0000 UTC m=+29.563439,0.001723,1000,580383.0528148578,1.7229999999999999,6.332
2024-07-29 07:20:39.596781 +0000 UTC m=+39.596781,2024-07-29 07:20:39.598115 +0000 UTC m=+39.598115,0.001334,200,149925.03748125938,1.3339999999999999,6.093999999999999
2024-07-29 07:20:49.630730 +0000 UTC m=+49.630730,2024-07-29 07:20:49.632115 +0000 UTC m=+49.632115,0.001385,300,216606.49819494586,1.385,6.076
2024-07-29 07:20:59.664927 +0000 UTC m=+59.664927,2024-07-29 07:20:59.666417 +0000 UTC m=+59.666417,0.00149,500,335570.4697986577,1.49,6.061000000000001
2024-07-29 07:21:09.699815 +0000 UTC m=+9.699815,2024-07-29 07:21:09.701652 +0000 UTC m=+9.701652,0.001837,700,381056.06967882416,1.8370000000000002,6.227
2024-07-29 07:21:19.736366 +0000 UTC m=+19.736366,2024-07-29 07:21:19.738326 +0000 UTC m=+19.738326,0.00196,900,459183.67346938775,1.96,6.426
2024-07-29 07:21:29.772593 +0000 UTC m=+29.772593,2024-07-29 07:21:29.774120 +0000 UTC m=+29.774120,0.001527,100,65487.88474132286,1.527,5.742
2024-07-29 07:21:39.806508 +0000 UTC m=+39.806508,2024-07-29 07:21:39.808017 +0000 UTC m=+39.808017,0.001509,300,198807.15705765408,1.509,5.768
2024-07-29 07:21:49.840178 +0000 UTC m=+49.840178,2024-07-29 07:21:49.841658 +0000 UTC m=+49.841658,0.00148,500,337837.83783783787,1.48,6.476
2024-07-29 07:21:59.875298 +0000 UTC m=+59.875298,2024-07-29 07:21:59.876896 +0000 UTC m=+59.876896,0.001598,700,438047.55944931164,1.598,6.125
2024-07-29 07:22:09.910444 +0000 UTC m=+9.910444,2024-07-29 07:22:09.912197 +0000 UTC m=+9.912197,0.001753,900,513405.590416429,1.753,6.119000000000001
2024-07-29 07:22:19.945151 +0000 UTC m=+19.945151,2024-07-29 07:22:19.946481 +0000 UTC m=+19.946481,0.00133,100,75187.96992481203,1.33,5.971
2024-07-29 07:22:29.978858 +0000 UTC m=+29.978858,2024-07-29 07:22:29.980229 +0000 UTC m=+29.980229,0.001371,300,218818.38074398247,1.371,5.704
2024-07-29 07:22:40.013162 +0000 UTC m=+40.013162,2024-07-29 07:22:40.014620 +0000 UTC m=+40.014620,0.001458,500,342935.5281207133,1.4580000000000002,6.016
2024-07-29 07:22:50.047537 +0000 UTC m=+50.047537,2024-07-29 07:22:50.049056 +0000 UTC m=+50.049056,0.001519,700,460829.4930875576,1.519,6.189
2024-07-29 07:23:00.082916 +0000 UTC m=+0.082916,2024-07-29 07:23:00.084588 +0000 UTC m=+0.084588,0.001672,900,538277.5119617225,1.6720000000000002,6.84
2024-07-29 07:23:10.119017 +0000 UTC m=+10.119017,2024-07-29 07:23:10.120446 +0000 UTC m=+10.120446,0.001429,100,69979.00629811057,1.4289999999999998,6.056
2024-07-29 07:23:20.152876 +0000 UTC m=+20.152876,2024-07-29 07:23:20.154322 +0000 UTC m=+20.154322,0.001446,300,207468.87966804978,1.446,5.8919999999999995
2024-07-29 07:23:30.186981 +0000 UTC m=+30.186981,2024-07-29 07:23:30.188404 +0000 UTC m=+30.188404,0.001423,500,351370.34434293746,1.423,5.949000000000001
2024-07-29 07:23:40.221802 +0000 UTC m=+40.221802,2024-07-29 07:23:40.223513 +0000 UTC m=+40.223513,0.001711,700,409117.4751607247,1.711,6.274
2024-07-29 07:23:50.256942 +0000 UTC m=+50.256942,2024-07-29 07:23:50.258789 +0000 UTC m=+50.258789,0.001847,900,487276.6648619383,1.847,6.9959999999999996
2024-07-29 07:24:00.293579 +0000 UTC m=+0.293579,2024-07-29 07:24:00.295213 +0000 UTC m=+0.295213,0.001634,100,61199.51040391677,1.6340000000000001,6.2379999999999995
2024-07-29 07:24:10.328019 +0000 UTC m=+10.328019,2024-07-29 07:24:10.329372 +0000 UTC m=+10.329372,0.001353,300,221729.49002217295,1.353,5.8500000000000005
2024-07-29 07:24:20.361728 +0000 UTC m=+20.361728,2024-07-29 07:24:20.363180 +0000 UTC m=+20.363180,0.001452,500,344352.6170798898,1.452,6.198
2024-07-29 07:24:30.396145 +0000 UTC m=+30.396145,2024-07-29 07:24:30.397851 +0000 UTC m=+30.397851,0.001706,700,410316.52989449,1.706,6.499
2024-07-29 07:24:40.431977 +0000 UTC m=+40.431977,2024-07-29 07:24:40.433618 +0000 UTC m=+40.433618,0.001641,900,548446.0694698354,1.641,6.236000000000001
2024-07-29 07:24:50.466755 +0000 UTC m=+50.466755,2024-07-29 07:24:50.468180 +0000 UTC m=+50.468180,0.001425,100,70175.43859649122,1.425,6.021999999999999
2024-07-29 07:25:00.501077 +0000 UTC m=+0.501077,2024-07-29 07:25:00.502356 +0000 UTC m=+0.502356,0.001279,300,234558.24863174357,1.279,5.942
2024-07-29 07:25:10.534791 +0000 UTC m=+10.534791,2024-07-29 07:25:10.536207 +0000 UTC m=+10.536207,0.001416,500,353107.34463276836,1.416,6.446999999999999
2024-07-29 07:25:20.569858 +0000 UTC m=+20.569858,2024-07-29 07:25:20.571481 +0000 UTC m=+20.571481,0.001623,700,431300.0616142945,1.623,6.229
2024-07-29 07:25:30.605559 +0000 UTC m=+30.605559,2024-07-29 07:25:30.607263 +0000 UTC m=+30.607263,0.001704,900,528169.014084507,1.704,6.146999999999999
2024-07-29 07:25:40.637603 +0000 UTC m=+40.637603,2024-07-29 07:25:40.638916 +0000 UTC m=+40.638916,0.001313,100,76161.46230007616,1.313,5.7
2024-07-29 07:25:50.671561 +0000 UTC m=+50.671561,2024-07-29 07:25:50.673089 +0000 UTC m=+50.673089,0.001528,212,138743.45549738218,1.528,5.934
2024-07-29 07:26:00.706687 +0000 UTC m=+0.706687,2024-07-29 07:26:00.708321 +0000 UTC m=+0.708321,0.001634,400,244798.04161566708,1.6340000000000001,6.076
2024-07-29 07:26:10.741350 +0000 UTC m=+10.741350,2024-07-29 07:26:10.742828 +0000 UTC m=+10.742828,0.001478,600,405953.9918809202,1.478,6.126
2024-07-29 07:26:20.775942 +0000 UTC m=+20.775942,2024-07-29 07:26:20.777541 +0000 UTC m=+20.777541,0.001599,800,500312.6954346467,1.599,6.222
2024-07-29 07:26:30.811001 +0000 UTC m=+30.811001,2024-07-29 07:26:30.812854 +0000 UTC m=+30.812854,0.001853,1000,539665.4074473826,1.853,6.101999999999999
2024-07-29 07:26:40.846238 +0000 UTC m=+40.846238,2024-07-29 07:26:40.848805 +0000 UTC m=+40.848805,0.002567,2000,779119.5948578108,2.5669999999999997,6.684
2024-07-29 07:26:50.883730 +0000 UTC m=+50.883730,2024-07-29 07:26:50.888200 +0000 UTC m=+50.888200,0.00447,4000,894854.586129754,4.47,8.487
2024-07-29 07:27:00.925078 +0000 UTC m=+0.925078,2024-07-29 07:27:00.929336 +0000 UTC m=+0.929336,0.004258,5000,1174260.21606388,4.258,7.645
2024-07-29 07:27:10.965645 +0000 UTC m=+10.965645,2024-07-29 07:27:10.972037 +0000 UTC m=+10.972037,0.006392,7000,1095118.898623279,6.392,8.498999999999999
2024-07-29 07:27:21.009786 +0000 UTC m=+21.009786,2024-07-29 07:27:21.016765 +0000 UTC m=+21.016765,0.006979,9000,1289583.034818742,6.979,8.971
2024-07-29 07:27:31.055060 +0000 UTC m=+31.055060,2024-07-29 07:27:31.062270 +0000 UTC m=+31.062270,0.00721,10000,1386962.5520110957,7.21,10.1
2024-07-29 07:27:41.104177 +0000 UTC m=+41.104177,2024-07-29 07:27:41.106914 +0000 UTC m=+41.106914,0.002737,2000,730727.073438071,2.7369999999999997,6.485
2024-07-29 07:27:51.141470 +0000 UTC m=+51.141470,2024-07-29 07:27:51.145243 +0000 UTC m=+51.145243,0.003773,4000,1060164.325470448,3.7729999999999997,7.4799999999999995
2024-07-29 07:28:01.182017 +0000 UTC m=+1.182017,2024-07-29 07:28:01.187112 +0000 UTC m=+1.187112,0.005095,5152,1011187.4386653582,5.095,8.005999999999998
2024-07-29 07:28:11.224525 +0000 UTC m=+11.224525,2024-07-29 07:28:11.230100 +0000 UTC m=+11.230100,0.005575,7000,1255605.3811659194,5.575,8.706999999999999
2024-07-29 07:28:21.268482 +0000 UTC m=+21.268482,2024-07-29 07:28:21.275197 +0000 UTC m=+21.275197,0.006715,9000,1340282.948622487,6.715,9.895
2024-07-29 07:28:31.315474 +0000 UTC m=+31.315474,2024-07-29 07:28:31.318685 +0000 UTC m=+31.318685,0.003211,570,177514.7928994083,3.211,6.218
2024-07-29 07:28:41.352991 +0000 UTC m=+41.352991,2024-07-29 07:28:41.355526 +0000 UTC m=+41.355526,0.002535,2000,788954.6351084813,2.535,6.731
2024-07-29 07:28:51.389634 +0000 UTC m=+51.389634,2024-07-29 07:28:51.394085 +0000 UTC m=+51.394085,0.004451,4000,898674.4551786116,4.4510000000000005,7.705
2024-07-29 07:29:01.430979 +0000 UTC m=+1.430979,2024-07-29 07:29:01.436350 +0000 UTC m=+1.436350,0.005371,5742,1069074.660212251,5.3709999999999996,8.08
2024-07-29 07:29:11.472882 +0000 UTC m=+11.472882,2024-07-29 07:29:11.478489 +0000 UTC m=+11.478489,0.005607,7000,1248439.4506866417,5.607,8.595
2024-07-29 07:29:21.513374 +0000 UTC m=+21.513374,2024-07-29 07:29:21.520258 +0000 UTC m=+21.520258,0.006884,9000,1307379.4305636256,6.884,9.115
2024-07-29 07:29:31.558982 +0000 UTC m=+31.558982,2024-07-29 07:29:31.562271 +0000 UTC m=+31.562271,0.003289,1000,304043.78230465186,3.2889999999999997,6.415
2024-07-29 07:29:41.596574 +0000 UTC m=+41.596574,2024-07-29 07:29:41.599083 +0000 UTC m=+41.599083,0.002509,2000,797130.3308090873,2.509,6.643
2024-07-29 07:29:51.633906 +0000 UTC m=+51.633906,2024-07-29 07:29:51.656315 +0000 UTC m=+51.656315,0.022409,4000,178499.70993797138,22.409,7.181
2024-07-29 07:30:01.691697 +0000 UTC m=+1.691697,2024-07-29 07:30:01.696587 +0000 UTC m=+1.696587,0.00489,6000,1226993.8650306747,4.890000000000001,8.504
2024-07-29 07:30:11.734847 +0000 UTC m=+11.734847,2024-07-29 07:30:11.741203 +0000 UTC m=+11.741203,0.006356,7000,1101321.5859030837,6.356,8.693
2024-07-29 07:30:21.779687 +0000 UTC m=+21.779687,2024-07-29 07:30:21.787483 +0000 UTC m=+21.787483,0.007796,9000,1154438.173422268,7.796,9.207999999999998
2024-07-29 07:30:31.826294 +0000 UTC m=+31.826294,2024-07-29 07:30:31.829448 +0000 UTC m=+31.829448,0.003154,1000,317057.7045022194,3.154,6.245
2024-07-29 07:30:41.863055 +0000 UTC m=+41.863055,2024-07-29 07:30:41.865294 +0000 UTC m=+41.865294,0.002239,2000,893255.9178204555,2.2390000000000003,6.585
2024-07-29 07:30:51.900591 +0000 UTC m=+51.900591,2024-07-29 07:30:51.904621 +0000 UTC m=+51.904621,0.00403,4000,992555.8312655088,4.029999999999999,7.242
2024-07-29 07:31:01.940359 +0000 UTC m=+1.940359,2024-07-29 07:31:01.946341 +0000 UTC m=+1.946341,0.005982,6000,1003009.0270812437,5.982,8.444999999999999
2024-07-29 07:31:11.983775 +0000 UTC m=+11.983775,2024-07-29 07:31:11.990209 +0000 UTC m=+11.990209,0.006434,7343,1141280.6963009015,6.433999999999999,8.894
2024-07-29 07:31:22.022712 +0000 UTC m=+22.022712,2024-07-29 07:31:22.029534 +0000 UTC m=+22.029534,0.006822,9000,1319261.2137203165,6.822,9.402000000000001
2024-07-29 07:31:32.068810 +0000 UTC m=+32.068810,2024-07-29 07:31:32.071988 +0000 UTC m=+32.071988,0.003178,1000,314663.3102580239,3.178,6.3870000000000005
2024-07-29 07:31:42.106690 +0000 UTC m=+42.106690,2024-07-29 07:31:42.109437 +0000 UTC m=+42.109437,0.002747,2570,935566.0720786313,2.747,7.127
2024-07-29 07:31:52.145688 +0000 UTC m=+52.145688,2024-07-29 07:31:52.149366 +0000 UTC m=+52.149366,0.003678,4000,1087547.580206634,3.678,7.466
2024-07-29 07:32:02.185745 +0000 UTC m=+2.185745,2024-07-29 07:32:02.191880 +0000 UTC m=+2.191880,0.006135,6000,977995.1100244499,6.135,8.501999999999999
2024-07-29 07:32:12.229986 +0000 UTC m=+12.229986,2024-07-29 07:32:12.236818 +0000 UTC m=+12.236818,0.006832,7780,1138758.7822014051,6.832000000000001,8.843
2024-07-29 07:32:22.275571 +0000 UTC m=+22.275571,2024-07-29 07:32:22.282550 +0000 UTC m=+22.282550,0.006979,9000,1289583.034818742,6.979,9.853000000000002
2024-07-29 07:32:32.321980 +0000 UTC m=+32.321980,2024-07-29 07:32:32.325196 +0000 UTC m=+32.325196,0.003216,1000,310945.27363184077,3.216,6.341
2024-07-29 07:32:42.359123 +0000 UTC m=+42.359123,2024-07-29 07:32:42.362207 +0000 UTC m=+42.362207,0.003084,3000,972762.6459143969,3.084,6.875
2024-07-29 07:32:52.396845 +0000 UTC m=+52.396845,2024-07-29 07:32:52.400640 +0000 UTC m=+52.400640,0.003795,4000,1054018.4453227932,3.7950000000000004,7.36
2024-07-29 07:33:02.436868 +0000 UTC m=+2.436868,2024-07-29 07:33:02.441922 +0000 UTC m=+2.441922,0.005054,6000,1187178.472497032,5.054,8.405
2024-07-29 07:33:12.479167 +0000 UTC m=+12.479167,2024-07-29 07:33:12.486233 +0000 UTC m=+12.486233,0.007066,8000,1132182.281347297,7.066,8.901
2024-07-29 07:33:22.525022 +0000 UTC m=+22.525022,2024-07-29 07:33:22.532057 +0000 UTC m=+22.532057,0.007035,9000,1279317.697228145,7.034999999999999,10.067
2024-07-29 07:33:32.572512 +0000 UTC m=+32.572512,2024-07-29 07:33:32.575689 +0000 UTC m=+32.575689,0.003177,1000,314762.35442241107,3.177,7.037
2024-07-29 07:33:42.611809 +0000 UTC m=+42.611809,2024-07-29 07:33:42.614886 +0000 UTC m=+42.614886,0.003077,3000,974975.6256093598,3.077,6.841
2024-07-29 07:33:52.649637 +0000 UTC m=+52.649637,2024-07-29 07:33:52.653388 +0000 UTC m=+52.653388,0.003751,4000,1066382.2980538523,3.751,7.384
2024-07-29 07:34:02.689327 +0000 UTC m=+2.689327,2024-07-29 07:34:02.694369 +0000 UTC m=+2.694369,0.005042,6000,1190003.966679889,5.042,8.486
2024-07-29 07:34:12.732239 +0000 UTC m=+12.732239,2024-07-29 07:34:12.738683 +0000 UTC m=+12.738683,0.006444,8000,1241464.9286157666,6.444,9.112
2024-07-29 07:34:22.776865 +0000 UTC m=+22.776865,2024-07-29 07:34:22.785260 +0000 UTC m=+22.785260,0.008395,9447,1125312.6861226922,8.395,10.44
2024-07-29 07:34:32.827029 +0000 UTC m=+32.827029,2024-07-29 07:34:32.830315 +0000 UTC m=+32.830315,0.003286,1000,304321.3633597079,3.286,6.437
2024-07-29 07:34:42.865355 +0000 UTC m=+42.865355,2024-07-29 07:34:42.868527 +0000 UTC m=+42.868527,0.003172,3000,945775.5359394704,3.1719999999999997,7.067
2024-07-29 07:34:52.902969 +0000 UTC m=+52.902969,2024-07-29 07:34:52.907160 +0000 UTC m=+52.907160,0.004191,4928,1175853.0183727033,4.191000000000001,7.868
2024-07-29 07:35:02.935787 +0000 UTC m=+2.935787,2024-07-29 07:35:02.940748 +0000 UTC m=+2.940748,0.004961,6000,1209433.5819391252,4.961,8.696
2024-07-29 07:35:12.979449 +0000 UTC m=+12.979449,2024-07-29 07:35:12.985644 +0000 UTC m=+12.985644,0.006195,8000,1291364.00322841,6.195,9.128
2024-07-29 07:35:23.023886 +0000 UTC m=+23.023886,2024-07-29 07:35:23.031271 +0000 UTC m=+23.031271,0.007385,10000,1354096.1408259987,7.385,10.588000000000001
2024-07-29 07:35:33.074360 +0000 UTC m=+33.074360,2024-07-29 07:35:33.077840 +0000 UTC m=+33.077840,0.00348,1000,287356.3218390805,3.48,6.479
2024-07-29 07:35:43.112620 +0000 UTC m=+43.112620,2024-07-29 07:35:43.115841 +0000 UTC m=+43.115841,0.003221,3000,931387.7677739833,3.221,6.992
2024-07-29 07:35:53.150851 +0000 UTC m=+53.150851,2024-07-29 07:35:53.155603 +0000 UTC m=+53.155603,0.004752,5000,1052188.5521885522,4.752,7.926000000000001
2024-07-29 07:36:03.192610 +0000 UTC m=+3.192610,2024-07-29 07:36:03.197714 +0000 UTC m=+3.197714,0.005104,6000,1175548.5893416929,5.104,8.302999999999999
2024-07-29 07:36:13.235315 +0000 UTC m=+13.235315,2024-07-29 07:36:13.242099 +0000 UTC m=+13.242099,0.006784,8000,1179245.283018868,6.784,8.815999999999999
2024-07-29 07:36:23.281137 +0000 UTC m=+23.281137,2024-07-29 07:36:23.288550 +0000 UTC m=+23.288550,0.007413,10000,1348981.5189531902,7.413,11.114
2024-07-29 07:36:33.331827 +0000 UTC m=+33.331827,2024-07-29 07:36:33.338237 +0000 UTC m=+33.338237,0.00641,5958,929485.1794071763,6.41,7.841000000000001
2024-07-29 07:36:43.375786 +0000 UTC m=+43.375786,2024-07-29 07:36:43.385158 +0000 UTC m=+43.385158,0.009372,11104,1184805.8045241144,9.372,10.215
2024-07-29 07:36:53.425595 +0000 UTC m=+53.425595,2024-07-29 07:36:53.442400 +0000 UTC m=+53.442400,0.016805,20000,1190121.987503719,16.805,13.440000000000001
2024-07-29 07:37:03.488297 +0000 UTC m=+3.488297,2024-07-29 07:37:03.511277 +0000 UTC m=+3.511277,0.02298,25719,1119190.6005221931,22.98,15.403
2024-07-29 07:37:13.560584 +0000 UTC m=+13.560584,2024-07-29 07:37:13.583110 +0000 UTC m=+13.583110,0.022526,30680,1361981.7100239722,22.526,16.948
2024-07-29 07:37:23.634447 +0000 UTC m=+23.634447,2024-07-29 07:37:23.661036 +0000 UTC m=+23.661036,0.026589,40000,1504381.5111512279,26.589000000000002,19.904999999999998
2024-07-29 07:37:33.717237 +0000 UTC m=+33.717237,2024-07-29 07:37:33.751147 +0000 UTC m=+33.751147,0.03391,46312,1365732.8221763491,33.910000000000004,22.637
2024-07-29 07:37:43.811612 +0000 UTC m=+43.811612,2024-07-29 07:37:43.848498 +0000 UTC m=+43.848498,0.036886,51539,1397250.989535325,36.886,25.052999999999997
2024-07-29 07:37:53.913485 +0000 UTC m=+53.913485,2024-07-29 07:37:53.959532 +0000 UTC m=+53.959532,0.046047,60000,1303016.483158512,46.047,29.833
2024-07-29 07:38:04.031410 +0000 UTC m=+4.031410,2024-07-29 07:38:04.080774 +0000 UTC m=+4.080774,0.049364,67405,1365468.7626610487,49.364,47.307
2024-07-29 07:38:14.173862 +0000 UTC m=+14.173862,2024-07-29 07:38:14.229332 +0000 UTC m=+14.229332,0.05547,72748,1311483.6848747071,55.47,41.291000000000004
2024-07-29 07:38:24.316402 +0000 UTC m=+24.316402,2024-07-29 07:38:24.377659 +0000 UTC m=+24.377659,0.061257,80000,1305973.1949001746,61.257,39.565999999999995
2024-07-29 07:38:34.464501 +0000 UTC m=+34.464501,2024-07-29 07:38:34.529667 +0000 UTC m=+34.529667,0.065166,88626,1360003.6829021268,65.166,47.226
2024-07-29 07:38:44.625365 +0000 UTC m=+44.625365,2024-07-29 07:38:44.685438 +0000 UTC m=+44.685438,0.060073,93712,1559968.7047425632,60.073,47.723
2024-07-29 07:38:54.782599 +0000 UTC m=+54.782599,2024-07-29 07:38:54.859552 +0000 UTC m=+54.859552,0.076953,100000,1299494.4966408068,76.95299999999999,53.636
2024-07-29 07:39:04.965393 +0000 UTC m=+4.965393,2024-07-29 07:39:04.985002 +0000 UTC m=+4.985002,0.019609,9045,461267.78520067316,19.609,9.413
2024-07-29 07:39:15.029966 +0000 UTC m=+15.029966,2024-07-29 07:39:15.040733 +0000 UTC m=+15.040733,0.010767,14241,1322652.5494566732,10.767000000000001,11.473
2024-07-29 07:39:25.084132 +0000 UTC m=+25.084132,2024-07-29 07:39:25.099297 +0000 UTC m=+25.099297,0.015165,20000,1318826.2446422684,15.165,13.325999999999999
2024-07-29 07:39:35.144421 +0000 UTC m=+35.144421,2024-07-29 07:39:35.165319 +0000 UTC m=+35.165319,0.020898,30000,1435544.071202986,20.898,17.258
2024-07-29 07:39:45.218024 +0000 UTC m=+45.218024,2024-07-29 07:39:45.244036 +0000 UTC m=+45.244036,0.026012,35493,1364485.622020606,26.012,18.605
2024-07-29 07:39:55.299016 +0000 UTC m=+55.299016,2024-07-29 07:39:55.330854 +0000 UTC m=+55.330854,0.031838,40882,1284063.069288272,31.837999999999997,19.934
2024-07-29 07:40:05.388183 +0000 UTC m=+5.388183,2024-07-29 07:40:05.421287 +0000 UTC m=+5.421287,0.033104,50000,1510391.4934751086,33.104,29.281000000000002
2024-07-29 07:40:15.491188 +0000 UTC m=+15.491188,2024-07-29 07:40:15.528923 +0000 UTC m=+15.528923,0.037735,57046,1511753.014442825,37.735,28.47
2024-07-29 07:40:25.598106 +0000 UTC m=+25.598106,2024-07-29 07:40:25.645552 +0000 UTC m=+25.645552,0.047446,62262,1312270.79205834,47.446000000000005,38.822
2024-07-29 07:40:35.728482 +0000 UTC m=+35.728482,2024-07-29 07:40:35.775332 +0000 UTC m=+35.775332,0.04685,70000,1494130.2027748132,46.85,37.148
2024-07-29 07:40:45.856285 +0000 UTC m=+45.856285,2024-07-29 07:40:45.908384 +0000 UTC m=+45.908384,0.052099,78371,1504270.715368817,52.099,41.209
2024-07-29 07:40:55.996441 +0000 UTC m=+55.996441,2024-07-29 07:40:56.063827 +0000 UTC m=+56.063827,0.067386,83772,1243166.2363102129,67.386,42.842999999999996
2024-07-29 07:41:06.154711 +0000 UTC m=+6.154711,2024-07-29 07:41:06.212057 +0000 UTC m=+6.212057,0.057346,90000,1569420.7093781605,57.346000000000004,47.974999999999994
2024-07-29 07:41:16.310212 +0000 UTC m=+16.310212,2024-07-29 07:41:16.374442 +0000 UTC m=+16.374442,0.06423,99760,1553168.3014167836,64.22999999999999,52.882
2024-07-29 07:41:26.479688 +0000 UTC m=+26.479688,2024-07-29 07:41:26.498221 +0000 UTC m=+26.498221,0.018533,5301,286030.324286408,18.533,8.119
2024-07-29 07:41:36.541416 +0000 UTC m=+36.541416,2024-07-29 07:41:36.550928 +0000 UTC m=+36.550928,0.009512,10775,1132779.6467619848,9.512,9.475000000000001
2024-07-29 07:41:46.590087 +0000 UTC m=+46.590087,2024-07-29 07:41:46.606019 +0000 UTC m=+46.606019,0.015932,20000,1255335.1744915892,15.932000000000002,12.615
2024-07-29 07:41:56.651634 +0000 UTC m=+56.651634,2024-07-29 07:41:56.674031 +0000 UTC m=+56.674031,0.022397,26208,1170156.7174175112,22.397,14.88
2024-07-29 07:42:06.716263 +0000 UTC m=+6.716263,2024-07-29 07:42:06.740283 +0000 UTC m=+6.740283,0.02402,31334,1304496.253122398,24.02,18.551000000000002
2024-07-29 07:42:16.794835 +0000 UTC m=+16.794835,2024-07-29 07:42:16.821064 +0000 UTC m=+16.821064,0.026229,40000,1525029.547447482,26.229,20.284
2024-07-29 07:42:26.878169 +0000 UTC m=+26.878169,2024-07-29 07:42:26.909181 +0000 UTC m=+26.909181,0.031012,46670,1504901.328517993,31.012,23.352
2024-07-29 07:42:36.971660 +0000 UTC m=+36.971660,2024-07-29 07:42:37.008827 +0000 UTC m=+37.008827,0.037167,51767,1392821.5890440445,37.167,25.461000000000002
2024-07-29 07:42:47.074518 +0000 UTC m=+47.074518,2024-07-29 07:42:47.113130 +0000 UTC m=+47.113130,0.038612,60000,1553921.0608101108,38.612,27.421
2024-07-29 07:42:57.181013 +0000 UTC m=+57.181013,2024-07-29 07:42:57.226536 +0000 UTC m=+57.226536,0.045523,67415,1480899.7649539793,45.523,34.511
2024-07-29 07:43:07.304973 +0000 UTC m=+7.304973,2024-07-29 07:43:07.360276 +0000 UTC m=+7.360276,0.055303,72880,1317830.8590854022,55.303,39.18
2024-07-29 07:43:17.445322 +0000 UTC m=+17.445322,2024-07-29 07:43:17.497336 +0000 UTC m=+17.497336,0.052014,80000,1538047.4487637945,52.013999999999996,45.006
2024-07-29 07:43:27.590256 +0000 UTC m=+27.590256,2024-07-29 07:43:27.647730 +0000 UTC m=+27.647730,0.057474,88868,1546229.5994710652,57.474,45.122
2024-07-29 07:43:37.741192 +0000 UTC m=+37.741192,2024-07-29 07:43:37.802500 +0000 UTC m=+37.802500,0.061308,94411,1539945.8471977555,61.308,45.606
2024-07-29 07:43:47.897410 +0000 UTC m=+47.897410,2024-07-29 07:43:47.961530 +0000 UTC m=+47.961530,0.06412,100000,1559575.7953836557,64.11999999999999,62.229
2024-07-29 07:43:58.078049 +0000 UTC m=+58.078049,2024-07-29 07:43:58.098900 +0000 UTC m=+58.098900,0.020851,10000,479593.3048774639,20.851000000000003,9.908
2024-07-29 07:44:08.144626 +0000 UTC m=+8.144626,2024-07-29 07:44:08.156982 +0000 UTC m=+8.156982,0.012356,16070,1300582.7128520557,12.356,11.620000000000001
2024-07-29 07:44:18.198646 +0000 UTC m=+18.198646,2024-07-29 07:44:18.217717 +0000 UTC m=+18.217717,0.019071,21640,1134707.1469770856,19.071,13.322000000000001
2024-07-29 07:44:28.263260 +0000 UTC m=+28.263260,2024-07-29 07:44:28.283589 +0000 UTC m=+28.283589,0.020329,30000,1475724.3346942791,20.329,17.535
2024-07-29 07:44:38.335510 +0000 UTC m=+38.335510,2024-07-29 07:44:38.367151 +0000 UTC m=+38.367151,0.031641,38344,1211845.3904743844,31.641000000000002,20.527
2024-07-29 07:44:48.424823 +0000 UTC m=+48.424823,2024-07-29 07:44:48.453159 +0000 UTC m=+48.453159,0.028336,43932,1550395.256916996,28.336,22.438
2024-07-29 07:44:58.513911 +0000 UTC m=+58.513911,2024-07-29 07:44:58.545903 +0000 UTC m=+58.545903,0.031992,50000,1562890.7226806702,31.992,26.944
2024-07-29 07:45:08.606105 +0000 UTC m=+8.606105,2024-07-29 07:45:08.643949 +0000 UTC m=+8.643949,0.037844,60000,1585456.0828665046,37.844,30.451999999999998
2024-07-29 07:45:18.716403 +0000 UTC m=+18.716403,2024-07-29 07:45:18.769989 +0000 UTC m=+18.769989,0.053586,65923,1230228.044638525,53.586,33.665
2024-07-29 07:45:28.847826 +0000 UTC m=+28.847826,2024-07-29 07:45:28.905978 +0000 UTC m=+28.905978,0.058152,71374,1227369.6519466226,58.152,38.287
2024-07-29 07:45:38.989567 +0000 UTC m=+38.989567,2024-07-29 07:45:39.047907 +0000 UTC m=+39.047907,0.05834,80000,1371271.8546451833,58.34,44.208999999999996
2024-07-29 07:45:49.139092 +0000 UTC m=+49.139092,2024-07-29 07:45:49.198184 +0000 UTC m=+49.198184,0.059092,87838,1486461.7883977527,59.092,46.242
2024-07-29 07:45:59.289164 +0000 UTC m=+59.289164,2024-07-29 07:45:59.363995 +0000 UTC m=+59.363995,0.074831,93511,1249629.1643837448,74.83099999999999,53.611
2024-07-29 07:46:09.469994 +0000 UTC m=+9.469994,2024-07-29 07:46:09.532985 +0000 UTC m=+9.532985,0.062991,100000,1587528.37706974,62.99100000000001,55.028
2024-07-29 07:46:19.643328 +0000 UTC m=+19.643328,2024-07-29 07:46:19.668311 +0000 UTC m=+19.668311,0.024983,9902,396349.5176720169,24.983,9.998
2024-07-29 07:46:29.714767 +0000 UTC m=+29.714767,2024-07-29 07:46:29.727717 +0000 UTC m=+29.727717,0.01295,15236,1176525.0965250966,12.95,11.133000000000001
2024-07-29 07:46:39.769476 +0000 UTC m=+39.769476,2024-07-29 07:46:39.783634 +0000 UTC m=+39.783634,0.014158,20533,1450275.4626359656,14.158000000000001,13.615
2024-07-29 07:46:49.829914 +0000 UTC m=+49.829914,2024-07-29 07:46:49.852857 +0000 UTC m=+49.852857,0.022943,30000,1307588.3711807523,22.943,16.892999999999997
2024-07-29 07:46:59.904038 +0000 UTC m=+59.904038,2024-07-29 07:46:59.930229 +0000 UTC m=+59.930229,0.026191,36823,1405940.9720896492,26.191,18.734
2024-07-29 07:47:09.984318 +0000 UTC m=+9.984318,2024-07-29 07:47:10.015568 +0000 UTC m=+10.015568,0.03125,42287,1353184.0,31.25,23.734
2024-07-29 07:47:20.078117 +0000 UTC m=+20.078117,2024-07-29 07:47:20.114204 +0000 UTC m=+20.114204,0.036087,50000,1385540.499348796,36.087,26.435
2024-07-29 07:47:30.180519 +0000 UTC m=+30.180519,2024-07-29 07:47:30.218280 +0000 UTC m=+30.218280,0.037761,58203,1541352.1887661873,37.761,33.479
2024-07-29 07:47:40.294216 +0000 UTC m=+40.294216,2024-07-29 07:47:40.339632 +0000 UTC m=+40.339632,0.045416,63326,1394354.4125418356,45.416,33.313
2024-07-29 07:47:50.417439 +0000 UTC m=+50.417439,2024-07-29 07:47:50.460565 +0000 UTC m=+50.460565,0.043126,70000,1623150.7675184344,43.126,40.765
2024-07-29 07:48:00.547279 +0000 UTC m=+0.547279,2024-07-29 07:48:00.596416 +0000 UTC m=+0.596416,0.049137,79342,1614709.892748845,49.137,38.701
2024-07-29 07:48:10.682745 +0000 UTC m=+10.682745,2024-07-29 07:48:10.742206 +0000 UTC m=+10.742206,0.059461,84728,1424933.9903466138,59.461,48.855000000000004
2024-07-29 07:48:20.841200 +0000 UTC m=+20.841200,2024-07-29 07:48:20.897721 +0000 UTC m=+20.897721,0.056521,90212,1596079.3333451282,56.521,47.79
2024-07-29 07:48:30.995757 +0000 UTC m=+30.995757,2024-07-29 07:48:31.058067 +0000 UTC m=+31.058067,0.06231,100000,1604878.8316482105,62.309999999999995,55.254
2024-07-29 07:48:41.167306 +0000 UTC m=+41.167306,2024-07-29 07:48:41.178914 +0000 UTC m=+41.178914,0.011608,6032,519641.62646450725,11.608,8.172
2024-07-29 07:48:51.221478 +0000 UTC m=+51.221478,2024-07-29 07:48:51.231610 +0000 UTC m=+51.231610,0.010132,11226,1107974.733517568,10.132,9.601
2024-07-29 07:49:01.270797 +0000 UTC m=+1.270797,2024-07-29 07:49:01.287595 +0000 UTC m=+1.287595,0.016798,20000,1190617.9307060365,16.798000000000002,13.431000000000001
2024-07-29 07:49:11.332991 +0000 UTC m=+11.332991,2024-07-29 07:49:11.351463 +0000 UTC m=+11.351463,0.018472,26712,1446080.5543525338,18.471999999999998,15.395000000000001
2024-07-29 07:49:21.400698 +0000 UTC m=+21.400698,2024-07-29 07:49:21.426041 +0000 UTC m=+21.426041,0.025343,32063,1265161.9776664167,25.343,17.555
2024-07-29 07:49:31.473165 +0000 UTC m=+31.473165,2024-07-29 07:49:31.503650 +0000 UTC m=+31.503650,0.030485,40000,1312120.7151057897,30.485000000000003,23.094
2024-07-29 07:49:41.565168 +0000 UTC m=+41.565168,2024-07-29 07:49:41.597126 +0000 UTC m=+41.597126,0.031958,47677,1491864.3219225232,31.958000000000002,25.198999999999998
2024-07-29 07:49:51.670460 +0000 UTC m=+51.670460,2024-07-29 07:49:51.711216 +0000 UTC m=+51.711216,0.040756,53015,1300790.0677200903,40.756,29.828
2024-07-29 07:50:01.784231 +0000 UTC m=+1.784231,2024-07-29 07:50:01.821857 +0000 UTC m=+1.821857,0.037626,60000,1594642.0028703557,37.626,34.474
2024-07-29 07:50:11.900617 +0000 UTC m=+11.900617,2024-07-29 07:50:11.947002 +0000 UTC m=+11.947002,0.046385,68816,1483583.054866875,46.385000000000005,41.951
2024-07-29 07:50:22.033628 +0000 UTC m=+22.033628,2024-07-29 07:50:22.079483 +0000 UTC m=+22.079483,0.045855,74206,1618274.997274016,45.855,37.79600000000001
2024-07-29 07:50:32.163791 +0000 UTC m=+32.163791,2024-07-29 07:50:32.214203 +0000 UTC m=+32.214203,0.050412,80000,1586923.7483138936,50.412,40.763
2024-07-29 07:50:42.295930 +0000 UTC m=+42.295930,2024-07-29 07:50:42.362232 +0000 UTC m=+42.362232,0.066302,90000,1357425.115381135,66.302,45.229
2024-07-29 07:50:52.457549 +0000 UTC m=+52.457549,2024-07-29 07:50:52.520028 +0000 UTC m=+52.520028,0.062479,95558,1529441.8924758718,62.479,56.844
2024-07-29 07:51:02.630205 +0000 UTC m=+2.630205,2024-07-29 07:51:02.646086 +0000 UTC m=+2.646086,0.015881,713,44896.4171021976,15.880999999999998,6.341
2024-07-29 07:51:12.686913 +0000 UTC m=+12.686913,2024-07-29 07:51:12.696368 +0000 UTC m=+12.696368,0.009455,10000,1057641.4595452142,9.455,9.216000000000001
2024-07-29 07:51:22.735140 +0000 UTC m=+22.735140,2024-07-29 07:51:22.769314 +0000 UTC m=+22.769314,0.034174,16077,470445.3678234915,34.174,11.102
2024-07-29 07:51:32.810999 +0000 UTC m=+32.810999,2024-07-29 07:51:32.828090 +0000 UTC m=+32.828090,0.017091,21369,1250307.179217132,17.090999999999998,12.949
2024-07-29 07:51:42.873206 +0000 UTC m=+42.873206,2024-07-29 07:51:42.893763 +0000 UTC m=+42.893763,0.020557,30000,1459356.9100549691,20.557,17.8
2024-07-29 07:51:52.946404 +0000 UTC m=+52.946404,2024-07-29 07:51:52.973955 +0000 UTC m=+52.973955,0.027551,37478,1360313.6002322966,27.551,19.692999999999998
2024-07-29 07:52:03.029767 +0000 UTC m=+3.029767,2024-07-29 07:52:03.065626 +0000 UTC m=+3.065626,0.035859,43106,1202097.1025405058,35.859,24.464
2024-07-29 07:52:13.129412 +0000 UTC m=+13.129412,2024-07-29 07:52:13.162210 +0000 UTC m=+13.162210,0.032798,50000,1524483.200195134,32.798,23.220000000000002
2024-07-29 07:52:23.224728 +0000 UTC m=+23.224728,2024-07-29 07:52:23.264575 +0000 UTC m=+23.264575,0.039847,58966,1479810.2742991943,39.847,30.541
2024-07-29 07:52:33.336978 +0000 UTC m=+33.336978,2024-07-29 07:52:33.380101 +0000 UTC m=+33.380101,0.043123,64472,1495072.2352340978,43.123000000000005,32.789
2024-07-29 07:52:43.453591 +0000 UTC m=+43.453591,2024-07-29 07:52:43.499841 +0000 UTC m=+43.499841,0.04625,70000,1513513.5135135136,46.25,38.181
2024-07-29 07:52:53.582925 +0000 UTC m=+53.582925,2024-07-29 07:52:53.636628 +0000 UTC m=+53.636628,0.053703,80000,1489674.6922890714,53.703,42.831
2024-07-29 07:53:03.726954 +0000 UTC m=+3.726954,2024-07-29 07:53:03.784517 +0000 UTC m=+3.784517,0.057563,86062,1495092.3336170802,57.563,47.781
2024-07-29 07:53:13.881956 +0000 UTC m=+13.881956,2024-07-29 07:53:13.956627 +0000 UTC m=+13.956627,0.074671,91723,1228361.7468629053,74.671,50.416999999999994
2024-07-29 07:53:24.053386 +0000 UTC m=+24.053386,2024-07-29 07:53:24.117746 +0000 UTC m=+24.117746,0.06436,100000,1553760.0994406464,64.36,54.252
2024-07-29 07:53:34.224100 +0000 UTC m=+34.224100,2024-07-29 07:53:34.248185 +0000 UTC m=+34.248185,0.024085,8009,332530.6207182894,24.084999999999997,9.248
2024-07-29 07:53:44.285712 +0000 UTC m=+44.285712,2024-07-29 07:53:44.298237 +0000 UTC m=+44.298237,0.012525,13286,1060758.483033932,12.525,10.139000000000001
2024-07-29 07:53:54.333479 +0000 UTC m=+54.333479,2024-07-29 07:53:54.347302 +0000 UTC m=+54.347302,0.013823,20000,1446863.9224480938,13.823,13.054
2024-07-29 07:54:04.393070 +0000 UTC m=+4.393070,2024-07-29 07:54:04.420330 +0000 UTC m=+4.420330,0.02726,29757,1091599.4130594279,27.259999999999998,16.689
2024-07-29 07:54:14.471944 +0000 UTC m=+14.471944,2024-07-29 07:54:14.499633 +0000 UTC m=+14.499633,0.027689,35327,1275849.6153707248,27.689,19.056
2024-07-29 07:54:24.555580 +0000 UTC m=+24.555580,2024-07-29 07:54:24.589225 +0000 UTC m=+24.589225,0.033645,40905,1215782.4342398574,33.645,22.395000000000003
2024-07-29 07:54:34.649236 +0000 UTC m=+34.649236,2024-07-29 07:54:34.688784 +0000 UTC m=+34.688784,0.039548,50000,1264286.4367351066,39.548,26.881999999999998
2024-07-29 07:54:44.756306 +0000 UTC m=+44.756306,2024-07-29 07:54:44.804949 +0000 UTC m=+44.804949,0.048643,57810,1188454.6594576815,48.643,29.113
2024-07-29 07:54:54.875616 +0000 UTC m=+54.875616,2024-07-29 07:54:54.926166 +0000 UTC m=+54.926166,0.05055,63191,1250069.2383778438,50.55,28.878
2024-07-29 07:55:04.998493 +0000 UTC m=+4.998493,2024-07-29 07:55:05.042527 +0000 UTC m=+5.042527,0.044034,70000,1589680.7012762867,44.034,41.2
2024-07-29 07:55:15.129430 +0000 UTC m=+15.129430,2024-07-29 07:55:15.194133 +0000 UTC m=+15.194133,0.064703,79070,1222045.3456563065,64.703,41.409
2024-07-29 07:55:25.282024 +0000 UTC m=+25.282024,2024-07-29 07:55:25.344703 +0000 UTC m=+25.344703,0.062679,84564,1349160.0057435506,62.679,43.104000000000006
2024-07-29 07:55:35.435978 +0000 UTC m=+35.435978,2024-07-29 07:55:35.495075 +0000 UTC m=+35.495075,0.059097,90011,1523106.079834848,59.096999999999994,47.489999999999995
2024-07-29 07:55:45.593177 +0000 UTC m=+45.593177,2024-07-29 07:55:45.658623 +0000 UTC m=+45.658623,0.065446,100000,1527977.2636983162,65.446,54.492
2024-07-29 07:55:55.764815 +0000 UTC m=+55.764815,2024-07-29 07:55:55.783896 +0000 UTC m=+55.783896,0.019081,6300,330171.374665898,19.081,8.945
2024-07-29 07:56:05.827857 +0000 UTC m=+5.827857,2024-07-29 07:56:05.838962 +0000 UTC m=+5.838962,0.011105,11653,1049347.14092751,11.105,9.641
2024-07-29 07:56:15.878004 +0000 UTC m=+15.878004,2024-07-29 07:56:15.895359 +0000 UTC m=+15.895359,0.017355,20000,1152405.6467876693,17.355,12.606
2024-07-29 07:56:25.937798 +0000 UTC m=+25.937798,2024-07-29 07:56:25.959579 +0000 UTC m=+25.959579,0.021781,27191,1248381.6170056472,21.781,16.326
2024-07-29 07:56:36.009585 +0000 UTC m=+36.009585,2024-07-29 07:56:36.035309 +0000 UTC m=+36.035309,0.025724,32546,1265199.8134038253,25.724,17.538
2024-07-29 07:56:46.087715 +0000 UTC m=+46.087715,2024-07-29 07:56:46.117718 +0000 UTC m=+46.117718,0.030003,40000,1333200.0133320002,30.003,19.571
2024-07-29 07:56:56.173849 +0000 UTC m=+56.173849,2024-07-29 07:56:56.205101 +0000 UTC m=+56.205101,0.031252,48467,1550844.74593626,31.252000000000002,26.095
2024-07-29 07:57:06.270484 +0000 UTC m=+6.270484,2024-07-29 07:57:06.315352 +0000 UTC m=+6.315352,0.044868,53874,1200722.118213426,44.867999999999995,29.541
2024-07-29 07:57:16.386666 +0000 UTC m=+16.386666,2024-07-29 07:57:16.424792 +0000 UTC m=+16.424792,0.038126,60000,1573729.2136599696,38.126,30.979
2024-07-29 07:57:26.499166 +0000 UTC m=+26.499166,2024-07-29 07:57:26.544270 +0000 UTC m=+26.544270,0.045104,70000,1551968.783256474,45.104,38.303
2024-07-29 07:57:36.627537 +0000 UTC m=+36.627537,2024-07-29 07:57:36.683278 +0000 UTC m=+36.683278,0.055741,75652,1357205.6475484832,55.741,37.737
2024-07-29 07:57:46.766612 +0000 UTC m=+46.766612,2024-07-29 07:57:46.817341 +0000 UTC m=+46.817341,0.050729,81187,1600406.079362889,50.729000000000006,45.254000000000005
2024-07-29 07:57:56.912393 +0000 UTC m=+56.912393,2024-07-29 07:57:56.980603 +0000 UTC m=+56.980603,0.06821,90000,1319454.6254214924,68.21000000000001,50.501999999999995
2024-07-29 07:58:07.081848 +0000 UTC m=+7.081848,2024-07-29 07:58:07.148818 +0000 UTC m=+7.148818,0.06697,96844,1446080.3344781245,66.97,48.777
2024-07-29 07:58:17.247874 +0000 UTC m=+17.247874,2024-07-29 07:58:17.264651 +0000 UTC m=+17.264651,0.016777,1923,114621.20760565059,16.777,7.383
2024-07-29 07:58:27.306373 +0000 UTC m=+27.306373,2024-07-29 07:58:27.315248 +0000 UTC m=+27.315248,0.008875,10000,1126760.563380282,8.875,9.341000000000001
2024-07-29 07:58:37.353963 +0000 UTC m=+37.353963,2024-07-29 07:58:37.367322 +0000 UTC m=+37.367322,0.013359,18296,1369563.5900890785,13.359,11.775
2024-07-29 07:58:47.410109 +0000 UTC m=+47.410109,2024-07-29 07:58:47.428880 +0000 UTC m=+47.428880,0.018771,23745,1264983.2187949496,18.771,13.566
2024-07-29 07:58:57.475770 +0000 UTC m=+57.475770,2024-07-29 07:58:57.495329 +0000 UTC m=+57.495329,0.019559,30000,1533820.7474819776,19.559,17.242
2024-07-29 07:59:07.548040 +0000 UTC m=+7.548040,2024-07-29 07:59:07.579227 +0000 UTC m=+7.579227,0.031187,40000,1282585.6927565974,31.187,23.968
2024-07-29 07:59:17.640976 +0000 UTC m=+17.640976,2024-07-29 07:59:17.676897 +0000 UTC m=+17.676897,0.035921,45648,1270788.675148242,35.921,22.168
2024-07-29 07:59:27.737966 +0000 UTC m=+27.737966,2024-07-29 07:59:27.774580 +0000 UTC m=+27.774580,0.036614,51074,1394930.9007483476,36.614,26.269000000000002
2024-07-29 07:59:37.839714 +0000 UTC m=+37.839714,2024-07-29 07:59:37.883914 +0000 UTC m=+37.883914,0.0442,60000,1357466.0633484162,44.2,31.897000000000002
2024-07-29 07:59:47.956646 +0000 UTC m=+47.956646,2024-07-29 07:59:48.007361 +0000 UTC m=+48.007361,0.050715,66598,1313181.5044858523,50.715,36.56
2024-07-29 07:59:58.087541 +0000 UTC m=+58.087541,2024-07-29 07:59:58.137390 +0000 UTC m=+58.137390,0.049849,71838,1441112.1587193324,49.849,38.333
2024-07-29 08:00:08.219852 +0000 UTC m=+8.219852,2024-07-29 08:00:08.271206 +0000 UTC m=+8.271206,0.051354,80000,1557814.3864158588,51.354,44.657000000000004
2024-07-29 08:00:18.363499 +0000 UTC m=+18.363499,2024-07-29 08:00:18.435186 +0000 UTC m=+18.435186,0.071687,87712,1223541.2278376832,71.687,46.637
2024-07-29 08:00:28.529668 +0000 UTC m=+28.529668,2024-07-29 08:00:28.594149 +0000 UTC m=+28.594149,0.064481,92927,1441153.2079217134,64.481,49.031
2024-07-29 08:00:38.694743 +0000 UTC m=+38.694743,2024-07-29 08:00:38.757659 +0000 UTC m=+38.757659,0.062916,100000,1589420.815054994,62.916,53.18
2024-07-29 08:00:48.862249 +0000 UTC m=+48.862249,2024-07-29 08:00:48.876344 +0000 UTC m=+48.876344,0.014095,0,0.0,14.095,0
2024-07-29 08:00:58.897084 +0000 UTC m=+58.897084,2024-07-29 08:00:58.899285 +0000 UTC m=+58.899285,0.002201,0,0.0,2.2009999999999996,0
2024-07-29 08:01:08.919999 +0000 UTC m=+8.919999,2024-07-29 08:01:08.922224 +0000 UTC m=+8.922224,0.002225,0,0.0,2.225,0
2024-07-29 08:01:18.942811 +0000 UTC m=+18.942811,2024-07-29 08:01:18.945022 +0000 UTC m=+18.945022,0.002211,0,0.0,2.211,0
2024-07-29 08:01:28.965611 +0000 UTC m=+28.965611,2024-07-29 08:01:28.967873 +0000 UTC m=+28.967873,0.002262,0,0.0,2.262,0
2024-07-29 08:01:38.988683 +0000 UTC m=+38.988683,2024-07-29 08:01:38.989701 +0000 UTC m=+38.989701,0.001018,0,0.0,1.018,0
2024-07-29 08:01:49.010182 +0000 UTC m=+49.010182,2024-07-29 08:01:49.011178 +0000 UTC m=+49.011178,0.000996,0,0.0,0.9959999999999999,0
2024-07-29 08:01:59.031815 +0000 UTC m=+59.031815,2024-07-29 08:01:59.032841 +0000 UTC m=+59.032841,0.001026,0,0.0,1.026,0
2024-07-29 08:02:09.053561 +0000 UTC m=+9.053561,2024-07-29 08:02:09.054642 +0000 UTC m=+9.054642,0.001081,0,0.0,1.081,0
2024-07-29 08:02:19.075433 +0000 UTC m=+19.075433,2024-07-29 08:02:19.076613 +0000 UTC m=+19.076613,0.00118,0,0.0,1.1800000000000002,0
2024-07-29 08:02:29.097178 +0000 UTC m=+29.097178,2024-07-29 08:02:29.098154 +0000 UTC m=+29.098154,0.000976,0,0.0,0.976,0
2024-07-29 08:02:39.119015 +0000 UTC m=+39.119015,2024-07-29 08:02:39.120080 +0000 UTC m=+39.120080,0.001065,0,0.0,1.065,0
2024-07-29 08:02:49.140930 +0000 UTC m=+49.140930,2024-07-29 08:02:49.142002 +0000 UTC m=+49.142002,0.001072,0,0.0,1.072,0
2024-07-29 08:02:59.162713 +0000 UTC m=+59.162713,2024-07-29 08:02:59.163785 +0000 UTC m=+59.163785,0.001072,0,0.0,1.072,0
2024-07-29 08:03:09.184335 +0000 UTC m=+9.184335,2024-07-29 08:03:09.185312 +0000 UTC m=+9.185312,0.000977,0,0.0,0.977,0
2024-07-29 08:03:19.205879 +0000 UTC m=+19.205879,2024-07-29 08:03:19.206974 +0000 UTC m=+19.206974,0.001095,0,0.0,1.095,0
2024-07-29 08:03:29.227695 +0000 UTC m=+29.227695,2024-07-29 08:03:29.228899 +0000 UTC m=+29.228899,0.001204,0,0.0,1.204,0
2024-07-29 08:03:39.249534 +0000 UTC m=+39.249534,2024-07-29 08:03:39.250548 +0000 UTC m=+39.250548,0.001014,0,0.0,1.014,0
2024-07-29 08:03:49.271195 +0000 UTC m=+49.271195,2024-07-29 08:03:49.272315 +0000 UTC m=+49.272315,0.00112,0,0.0,1.1199999999999999,0
2024-07-29 08:03:59.283272 +0000 UTC m=+59.283272,2024-07-29 08:03:59.284516 +0000 UTC m=+59.284516,0.001244,0,0.0,1.244,0
2024-07-29 08:04:09.305068 +0000 UTC m=+9.305068,2024-07-29 08:04:09.306063 +0000 UTC m=+9.306063,0.000995,0,0.0,0.995,0
2024-07-29 08:04:19.327163 +0000 UTC m=+19.327163,2024-07-29 08:04:19.328283 +0000 UTC m=+19.328283,0.00112,0,0.0,1.1199999999999999,0
2024-07-29 08:04:29.349706 +0000 UTC m=+29.349706,2024-07-29 08:04:29.350770 +0000 UTC m=+29.350770,0.001064,0,0.0,1.064,0
2024-07-29 08:04:39.371233 +0000 UTC m=+39.371233,2024-07-29 08:04:39.372144 +0000 UTC m=+39.372144,0.000911,0,0.0,0.911,0
2024-07-29 08:04:49.389113 +0000 UTC m=+49.389113,2024-07-29 08:04:49.390141 +0000 UTC m=+49.390141,0.001028,0,0.0,1.028,0
2024-07-29 08:04:59.410745 +0000 UTC m=+59.410745,2024-07-29 08:04:59.411779 +0000 UTC m=+59.411779,0.001034,0,0.0,1.034,0
2024-07-29 08:05:09.432260 +0000 UTC m=+9.432260,2024-07-29 08:05:09.433271 +0000 UTC m=+9.433271,0.001011,0,0.0,1.011,0
2024-07-29 08:05:19.453853 +0000 UTC m=+19.453853,2024-07-29 08:05:19.454914 +0000 UTC m=+19.454914,0.001061,0,0.0,1.0610000000000002,0
2024-07-29 08:05:29.475718 +0000 UTC m=+29.475718,2024-07-29 08:05:29.476782 +0000 UTC m=+29.476782,0.001064,0,0.0,1.064,0
2024-07-29 08:05:39.497483 +0000 UTC m=+39.497483,2024-07-29 08:05:39.498515 +0000 UTC m=+39.498515,0.001032,0,0.0,1.032,0
2024-07-29 08:05:49.519255 +0000 UTC m=+49.519255,2024-07-29 08:05:49.520264 +0000 UTC m=+49.520264,0.001009,0,0.0,1.009,0
2024-07-29 08:05:59.541252 +0000 UTC m=+59.541252,2024-07-29 08:05:59.542607 +0000 UTC m=+59.542607,0.001355,0,0.0,1.355,0
2024-07-29 08:06:09.563440 +0000 UTC m=+9.563440,2024-07-29 08:06:09.564609 +0000 UTC m=+9.564609,0.001169,0,0.0,1.1689999999999998,0
2024-07-29 08:06:19.585314 +0000 UTC m=+19.585314,2024-07-29 08:06:19.586304 +0000 UTC m=+19.586304,0.00099,0,0.0,0.99,0
2024-07-29 08:06:29.606917 +0000 UTC m=+29.606917,2024-07-29 08:06:29.607982 +0000 UTC m=+29.607982,0.001065,0,0.0,1.065,0
2024-07-29 08:06:39.628828 +0000 UTC m=+39.628828,2024-07-29 08:06:39.629870 +0000 UTC m=+39.629870,0.001042,0,0.0,1.042,0
2024-07-29 08:06:49.650391 +0000 UTC m=+49.650391,2024-07-29 08:06:49.651650 +0000 UTC m=+49.651650,0.001259,0,0.0,1.259,0
2024-07-29 08:06:59.673019 +0000 UTC m=+59.673019,2024-07-29 08:06:59.674132 +0000 UTC m=+59.674132,0.001113,0,0.0,1.113,0
2024-07-29 08:07:09.695413 +0000 UTC m=+9.695413,2024-07-29 08:07:09.696629 +0000 UTC m=+9.696629,0.001216,0,0.0,1.216,0
2024-07-29 08:07:19.717900 +0000 UTC m=+19.717900,2024-07-29 08:07:19.719108 +0000 UTC m=+19.719108,0.001208,0,0.0,1.2080000000000002,0
2024-07-29 08:07:29.740202 +0000 UTC m=+29.740202,2024-07-29 08:07:29.741288 +0000 UTC m=+29.741288,0.001086,0,0.0,1.0859999999999999,0
2024-07-29 08:07:39.761996 +0000 UTC m=+39.761996,2024-07-29 08:07:39.762990 +0000 UTC m=+39.762990,0.000994,0,0.0,0.9940000000000001,0
2024-07-29 08:07:49.775970 +0000 UTC m=+49.775970,2024-07-29 08:07:49.777003 +0000 UTC m=+49.777003,0.001033,0,0.0,1.0330000000000001,0
2024-07-29 08:07:59.797933 +0000 UTC m=+59.797933,2024-07-29 08:07:59.798993 +0000 UTC m=+59.798993,0.00106,0,0.0,1.06,0
2024-07-29 08:08:09.820024 +0000 UTC m=+9.820024,2024-07-29 08:08:09.821169 +0000 UTC m=+9.821169,0.001145,0,0.0,1.145,0
2024-07-29 08:08:19.841766 +0000 UTC m=+19.841766,2024-07-29 08:08:19.842716 +0000 UTC m=+19.842716,0.00095,0,0.0,0.95,0
