start_time,end_time,duration_seconds,record_count,transactions_per_second,latency_ms,transaction_type
2024-07-28 23:00:39.379347 +0000 UTC m=+39.379347,2024-07-28 23:00:49.848153 +0000 UTC m=+49.848153,10.468806,10000,955.2187708894404,10468.806,insertion
2024-07-28 23:00:54.853566 +0000 UTC m=+54.853566,2024-07-28 23:01:05.110362 +0000 UTC m=+5.110362,10.256796,10000,974.9633316290975,10256.796,insertion
2024-07-28 23:01:10.115702 +0000 UTC m=+10.115702,2024-07-28 23:01:19.898890 +0000 UTC m=+19.898890,9.783187999999999,10000,1022.1616920782878,9783.187999999998,insertion
2024-07-28 23:01:24.904242 +0000 UTC m=+24.904242,2024-07-28 23:01:35.877576 +0000 UTC m=+35.877576,10.973334,10000,911.3000661421588,10973.333999999999,insertion
2024-07-28 23:01:40.882931 +0000 UTC m=+40.882931,2024-07-28 23:01:52.649310 +0000 UTC m=+52.649310,11.766379,10000,849.8791344388957,11766.379,insertion
2024-07-28 23:01:57.654673 +0000 UTC m=+57.654673,2024-07-28 23:02:07.892469 +0000 UTC m=+7.892469,10.237796,10000,976.7727350691497,10237.796,insertion
2024-07-28 23:02:12.897965 +0000 UTC m=+12.897965,2024-07-28 23:02:22.580149 +0000 UTC m=+22.580149,9.682184,10000,1032.824825473261,9682.184,insertion
2024-07-28 23:02:27.585481 +0000 UTC m=+27.585481,2024-07-28 23:02:37.142180 +0000 UTC m=+37.142180,9.556699,10000,1046.386414388483,9556.699,insertion
2024-07-28 23:02:42.147538 +0000 UTC m=+42.147538,2024-07-28 23:02:52.018743 +0000 UTC m=+52.018743,9.871205,10000,1013.0475458669939,9871.205,insertion
2024-07-28 23:02:57.024124 +0000 UTC m=+57.024124,2024-07-28 23:03:07.126087 +0000 UTC m=+7.126087,10.101963,10000,989.9066151796438,10101.963,insertion
2024-07-28 23:03:12.131441 +0000 UTC m=+12.131441,2024-07-28 23:03:12.265760 +0000 UTC m=+12.265760,0.134319,10000,74449.6311020779,134.319,deletion
2024-07-28 23:03:12.266229 +0000 UTC m=+12.266229,2024-07-28 23:03:22.635559 +0000 UTC m=+22.635559,10.36933,10000,964.3824625120427,10369.33,insertion
2024-07-28 23:03:27.640936 +0000 UTC m=+27.640936,2024-07-28 23:03:37.884681 +0000 UTC m=+37.884681,10.243745,10000,976.2054795389771,10243.745,insertion
2024-07-28 23:03:42.890014 +0000 UTC m=+42.890014,2024-07-28 23:03:52.842061 +0000 UTC m=+52.842061,9.952047,10000,1004.8184057008573,9952.047,insertion
2024-07-28 23:03:57.847416 +0000 UTC m=+57.847416,2024-07-28 23:04:08.063820 +0000 UTC m=+8.063820,10.216404,10000,978.8179872291659,10216.404,insertion
2024-07-28 23:04:13.069163 +0000 UTC m=+13.069163,2024-07-28 23:04:22.809790 +0000 UTC m=+22.809790,9.740627,10000,1026.6279573173267,9740.627,insertion
2024-07-28 23:04:27.815129 +0000 UTC m=+27.815129,2024-07-28 23:04:37.498353 +0000 UTC m=+37.498353,9.683224,10000,1032.7138977679335,9683.223999999998,insertion
2024-07-28 23:04:42.503728 +0000 UTC m=+42.503728,2024-07-28 23:04:52.253429 +0000 UTC m=+52.253429,9.749701,10000,1025.6724795970665,9749.701,insertion
2024-07-28 23:04:57.258809 +0000 UTC m=+57.258809,2024-07-28 23:05:07.108854 +0000 UTC m=+7.108854,9.850045,10000,1015.2237883177183,9850.045,insertion
2024-07-28 23:05:12.114207 +0000 UTC m=+12.114207,2024-07-28 23:05:22.020351 +0000 UTC m=+22.020351,9.906144,10000,1009.4745240933304,9906.144,insertion
2024-07-28 23:05:27.025748 +0000 UTC m=+27.025748,2024-07-28 23:05:36.894826 +0000 UTC m=+36.894826,9.869078,10000,1013.2658795482212,9869.078,insertion
2024-07-28 23:05:41.900173 +0000 UTC m=+41.900173,2024-07-28 23:05:42.047099 +0000 UTC m=+42.047099,0.146926,10000,68061.47312252426,146.926,deletion
2024-07-28 23:05:42.047571 +0000 UTC m=+42.047571,2024-07-28 23:05:52.053904 +0000 UTC m=+52.053904,10.006333,10000,999.3671008150538,10006.333,insertion
2024-07-28 23:05:57.056562 +0000 UTC m=+57.056562,2024-07-28 23:06:08.025289 +0000 UTC m=+8.025289,10.968727,10000,911.6828233577152,10968.726999999999,insertion
2024-07-28 23:06:13.030648 +0000 UTC m=+13.030648,2024-07-28 23:06:22.977986 +0000 UTC m=+22.977986,9.947338,10000,1005.2940796824236,9947.338,insertion
2024-07-28 23:06:27.983325 +0000 UTC m=+27.983325,2024-07-28 23:06:38.818947 +0000 UTC m=+38.818947,10.835622,10000,922.8819536155838,10835.622000000001,insertion
2024-07-28 23:06:43.824347 +0000 UTC m=+43.824347,2024-07-28 23:06:55.026447 +0000 UTC m=+55.026447,11.2021,10000,892.6897635264817,11202.1,insertion
2024-07-28 23:07:00.031813 +0000 UTC m=+0.031813,2024-07-28 23:07:11.364582 +0000 UTC m=+11.364582,11.332769,10000,882.3968793504923,11332.769,insertion
2024-07-28 23:07:16.369961 +0000 UTC m=+16.369961,2024-07-28 23:07:26.219171 +0000 UTC m=+26.219171,9.84921,10000,1015.309857338812,9849.21,insertion
2024-07-28 23:07:31.224565 +0000 UTC m=+31.224565,2024-07-28 23:07:41.412886 +0000 UTC m=+41.412886,10.188321,10000,981.5159926743572,10188.321,insertion
2024-07-28 23:07:46.418277 +0000 UTC m=+46.418277,2024-07-28 23:07:56.283355 +0000 UTC m=+56.283355,9.865078,10000,1013.6767291652433,9865.078000000001,insertion
2024-07-28 23:08:01.288712 +0000 UTC m=+1.288712,2024-07-28 23:08:11.544935 +0000 UTC m=+11.544935,10.256223,10000,975.0178013875088,10256.223,insertion
2024-07-28 23:08:16.550320 +0000 UTC m=+16.550320,2024-07-28 23:08:16.620873 +0000 UTC m=+16.620873,0.070553,10000,141737.41726078268,70.55300000000001,deletion
2024-07-28 23:08:16.621340 +0000 UTC m=+16.621340,2024-07-28 23:08:26.572888 +0000 UTC m=+26.572888,9.951548,10000,1004.8687902625802,9951.548,insertion
2024-07-28 23:08:31.578223 +0000 UTC m=+31.578223,2024-07-28 23:08:41.623636 +0000 UTC m=+41.623636,10.045413,10000,995.4792301720198,10045.413,insertion
2024-07-28 23:08:46.629039 +0000 UTC m=+46.629039,2024-07-28 23:08:57.303574 +0000 UTC m=+57.303574,10.674535,10000,936.8089570177998,10674.535,insertion
2024-07-28 23:09:02.308950 +0000 UTC m=+2.308950,2024-07-28 23:09:13.147955 +0000 UTC m=+13.147955,10.839005,10000,922.593909680824,10839.005000000001,insertion
2024-07-28 23:09:18.153303 +0000 UTC m=+18.153303,2024-07-28 23:09:28.104844 +0000 UTC m=+28.104844,9.951541,10000,1004.8694970959773,9951.541000000001,insertion
2024-07-28 23:09:33.110196 +0000 UTC m=+33.110196,2024-07-28 23:09:43.156006 +0000 UTC m=+43.156006,10.04581,10000,995.4398898645306,10045.81,insertion
2024-07-28 23:09:48.161369 +0000 UTC m=+48.161369,2024-07-28 23:09:58.076957 +0000 UTC m=+58.076957,9.915588,10000,1008.5130604458354,9915.588,insertion
2024-07-28 23:10:03.082304 +0000 UTC m=+3.082304,2024-07-28 23:10:13.411487 +0000 UTC m=+13.411487,10.329183,10000,968.1307805273659,10329.183,insertion
2024-07-28 23:10:18.416890 +0000 UTC m=+18.416890,2024-07-28 23:10:28.479887 +0000 UTC m=+28.479887,10.062997,10000,993.7397377739455,10062.997,insertion
2024-07-28 23:10:33.485225 +0000 UTC m=+33.485225,2024-07-28 23:10:43.654223 +0000 UTC m=+43.654223,10.168998,10000,983.3810568160206,10168.998,insertion
2024-07-28 23:10:48.659648 +0000 UTC m=+48.659648,2024-07-28 23:10:48.769272 +0000 UTC m=+48.769272,0.109624,10000,91220.90053273005,109.624,deletion
2024-07-28 23:10:48.769742 +0000 UTC m=+48.769742,2024-07-28 23:10:58.624046 +0000 UTC m=+58.624046,9.854303999999999,10000,1014.78501170656,9854.303999999998,insertion
2024-07-28 23:11:03.629356 +0000 UTC m=+3.629356,2024-07-28 23:11:13.457076 +0000 UTC m=+13.457076,9.82772,10000,1017.5300069599053,9827.72,insertion
2024-07-28 23:11:18.462451 +0000 UTC m=+18.462451,2024-07-28 23:11:28.215160 +0000 UTC m=+28.215160,9.752709,10000,1025.3561343827648,9752.708999999999,insertion
2024-07-28 23:11:33.220530 +0000 UTC m=+33.220530,2024-07-28 23:11:43.741889 +0000 UTC m=+43.741889,10.521359,10000,950.4475610042391,10521.359,insertion
2024-07-28 23:11:48.747240 +0000 UTC m=+48.747240,2024-07-28 23:11:59.164393 +0000 UTC m=+59.164393,10.417153,10000,959.9551816124808,10417.153,insertion
2024-07-28 23:12:04.169846 +0000 UTC m=+4.169846,2024-07-28 23:12:14.859817 +0000 UTC m=+14.859817,10.689971,10000,935.456232762465,10689.971,insertion
2024-07-28 23:12:19.864614 +0000 UTC m=+19.864614,2024-07-28 23:12:30.331111 +0000 UTC m=+30.331111,10.466497,10000,955.4295004336217,10466.497000000001,insertion
2024-07-28 23:12:35.332598 +0000 UTC m=+35.332598,2024-07-28 23:12:45.242369 +0000 UTC m=+45.242369,9.909771,10000,1009.1050539916614,9909.770999999999,insertion
2024-07-28 23:12:50.247727 +0000 UTC m=+50.247727,2024-07-28 23:13:00.888605 +0000 UTC m=+0.888605,10.640878,10000,939.7720751990578,10640.878,insertion
2024-07-28 23:13:05.893951 +0000 UTC m=+5.893951,2024-07-28 23:13:15.856204 +0000 UTC m=+15.856204,9.962253,10000,1003.7890023471598,9962.253,insertion
2024-07-28 23:13:20.860814 +0000 UTC m=+20.860814,2024-07-28 23:13:20.980886 +0000 UTC m=+20.980886,0.120072,10000,83283.36331534413,120.072,deletion
2024-07-28 23:13:20.981328 +0000 UTC m=+20.981328,2024-07-28 23:13:31.039419 +0000 UTC m=+31.039419,10.058091,10000,994.2244507431878,10058.090999999999,insertion
2024-07-28 23:13:36.044836 +0000 UTC m=+36.044836,2024-07-28 23:13:46.057789 +0000 UTC m=+46.057789,10.012953,10000,998.7063756316444,10012.953,insertion
2024-07-28 23:13:51.063102 +0000 UTC m=+51.063102,2024-07-28 23:14:00.948164 +0000 UTC m=+0.948164,9.885062,10000,1011.6274435102177,9885.062,insertion
2024-07-28 23:14:05.953504 +0000 UTC m=+5.953504,2024-07-28 23:14:15.783347 +0000 UTC m=+15.783347,9.829843,10000,1017.3102459520462,9829.843,insertion
2024-07-28 23:14:20.788679 +0000 UTC m=+20.788679,2024-07-28 23:14:30.608048 +0000 UTC m=+30.608048,9.819369,10000,1018.3953775441172,9819.369,insertion
2024-07-28 23:14:35.613392 +0000 UTC m=+35.613392,2024-07-28 23:14:46.156969 +0000 UTC m=+46.156969,10.543576999999999,10000,948.4447261114516,10543.577,insertion
2024-07-28 23:14:51.162308 +0000 UTC m=+51.162308,2024-07-28 23:15:01.448686 +0000 UTC m=+1.448686,10.286378,10000,972.1594909306269,10286.377999999999,insertion
2024-07-28 23:15:06.454053 +0000 UTC m=+6.454053,2024-07-28 23:15:16.888494 +0000 UTC m=+16.888494,10.434441,10000,958.3647077979549,10434.440999999999,insertion
2024-07-28 23:15:21.893897 +0000 UTC m=+21.893897,2024-07-28 23:15:31.678053 +0000 UTC m=+31.678053,9.784156,10000,1022.0605640384312,9784.155999999999,insertion
2024-07-28 23:15:36.683500 +0000 UTC m=+36.683500,2024-07-28 23:15:46.345093 +0000 UTC m=+46.345093,9.661593,10000,1035.0260045108503,9661.593,insertion
2024-07-28 23:15:51.350444 +0000 UTC m=+51.350444,2024-07-28 23:15:51.460668 +0000 UTC m=+51.460668,0.110224,10000,90724.34315575555,110.224,deletion
2024-07-28 23:15:51.461123 +0000 UTC m=+51.461123,2024-07-28 23:16:01.698825 +0000 UTC m=+1.698825,10.237702,10000,976.7817035502693,10237.702000000001,insertion
2024-07-28 23:16:06.704187 +0000 UTC m=+6.704187,2024-07-28 23:16:16.678656 +0000 UTC m=+16.678656,9.974469,10000,1002.5596350041292,9974.469,insertion
2024-07-28 23:16:21.683960 +0000 UTC m=+21.683960,2024-07-28 23:16:31.736424 +0000 UTC m=+31.736424,10.052464,10000,994.7809810609617,10052.464,insertion
2024-07-28 23:16:36.741810 +0000 UTC m=+36.741810,2024-07-28 23:16:46.637291 +0000 UTC m=+46.637291,9.895481,10000,1010.5622960622126,9895.481,insertion
2024-07-28 23:16:51.640597 +0000 UTC m=+51.640597,2024-07-28 23:17:01.378182 +0000 UTC m=+1.378182,9.737585,10000,1026.9486736187669,9737.585,insertion
2024-07-28 23:17:06.383515 +0000 UTC m=+6.383515,2024-07-28 23:17:16.080667 +0000 UTC m=+16.080667,9.697151999999999,10000,1031.2306128644782,9697.151999999998,insertion
2024-07-28 23:17:21.086068 +0000 UTC m=+21.086068,2024-07-28 23:17:31.063426 +0000 UTC m=+31.063426,9.977358,10000,1002.2693382356331,9977.358,insertion
2024-07-28 23:17:36.068776 +0000 UTC m=+36.068776,2024-07-28 23:17:47.338114 +0000 UTC m=+47.338114,11.269338,10000,887.3635700695107,11269.338,insertion
2024-07-28 23:17:52.343448 +0000 UTC m=+52.343448,2024-07-28 23:18:02.011953 +0000 UTC m=+2.011953,9.668505,10000,1034.2860659429768,9668.505,insertion
2024-07-28 23:18:07.017278 +0000 UTC m=+7.017278,2024-07-28 23:18:16.901519 +0000 UTC m=+16.901519,9.884241,10000,1011.7114708150075,9884.241,insertion
2024-07-28 23:18:21.906874 +0000 UTC m=+21.906874,2024-07-28 23:18:21.976540 +0000 UTC m=+21.976540,0.069666,10000,143542.04346453075,69.66600000000001,deletion
2024-07-28 23:18:21.977015 +0000 UTC m=+21.977015,2024-07-28 23:18:31.897655 +0000 UTC m=+31.897655,9.92064,10000,1007.9994839042641,9920.640000000001,insertion
2024-07-28 23:18:36.903023 +0000 UTC m=+36.903023,2024-07-28 23:18:46.970665 +0000 UTC m=+46.970665,10.067642,10000,993.2812469891163,10067.642,insertion
2024-07-28 23:18:51.976039 +0000 UTC m=+51.976039,2024-07-28 23:19:02.426023 +0000 UTC m=+2.426023,10.449984,10000,956.9392642132275,10449.984,insertion
2024-07-28 23:19:07.431387 +0000 UTC m=+7.431387,2024-07-28 23:19:16.946596 +0000 UTC m=+16.946596,9.515209,10000,1050.9490648077199,9515.209,insertion
2024-07-28 23:19:21.951954 +0000 UTC m=+21.951954,2024-07-28 23:19:32.011518 +0000 UTC m=+32.011518,10.059564,10000,994.0788686269107,10059.564,insertion
2024-07-28 23:19:37.016659 +0000 UTC m=+37.016659,2024-07-28 23:19:46.420287 +0000 UTC m=+46.420287,9.403628,10000,1063.4193526158203,9403.627999999999,insertion
2024-07-28 23:19:51.425671 +0000 UTC m=+51.425671,2024-07-28 23:20:00.883731 +0000 UTC m=+0.883731,9.45806,10000,1057.2992770187543,9458.06,insertion
2024-07-28 23:20:05.889084 +0000 UTC m=+5.889084,2024-07-28 23:20:15.197323 +0000 UTC m=+15.197323,9.308239,10000,1074.3170646993485,9308.239,insertion
2024-07-28 23:20:20.202676 +0000 UTC m=+20.202676,2024-07-28 23:20:30.185184 +0000 UTC m=+30.185184,9.982508,10000,1001.7522650620466,9982.508,insertion
2024-07-28 23:20:35.190526 +0000 UTC m=+35.190526,2024-07-28 23:20:45.205959 +0000 UTC m=+45.205959,10.015433,10000,998.4590781047609,10015.432999999999,insertion
2024-07-28 23:20:50.211288 +0000 UTC m=+50.211288,2024-07-28 23:20:50.316342 +0000 UTC m=+50.316342,0.105054,10000,95189.14082281494,105.05399999999999,deletion
2024-07-28 23:20:50.316851 +0000 UTC m=+50.316851,2024-07-28 23:20:59.898087 +0000 UTC m=+59.898087,9.581236,10000,1043.7066783450484,9581.236,insertion
2024-07-28 23:21:04.903442 +0000 UTC m=+4.903442,2024-07-28 23:21:15.133498 +0000 UTC m=+15.133498,10.230056,10000,977.5117555563723,10230.055999999999,insertion
2024-07-28 23:21:20.138848 +0000 UTC m=+20.138848,2024-07-28 23:21:29.900922 +0000 UTC m=+29.900922,9.762074,10000,1024.37248478141,9762.074,insertion
2024-07-28 23:21:34.906265 +0000 UTC m=+34.906265,2024-07-28 23:21:44.566867 +0000 UTC m=+44.566867,9.660602,10000,1035.13217913335,9660.602,insertion
2024-07-28 23:21:49.572204 +0000 UTC m=+49.572204,2024-07-28 23:21:59.538843 +0000 UTC m=+59.538843,9.966639,10000,1003.3472668168275,9966.639000000001,insertion
2024-07-28 23:22:04.544191 +0000 UTC m=+4.544191,2024-07-28 23:22:14.334044 +0000 UTC m=+14.334044,9.789853,10000,1021.4657972903167,9789.853000000001,insertion
2024-07-28 23:22:19.339360 +0000 UTC m=+19.339360,2024-07-28 23:22:29.151134 +0000 UTC m=+29.151134,9.811774,10000,1019.1836868643734,9811.774,insertion
2024-07-28 23:22:34.156497 +0000 UTC m=+34.156497,2024-07-28 23:22:43.914893 +0000 UTC m=+43.914893,9.758396,10000,1024.7585771268148,9758.395999999999,insertion
2024-07-28 23:22:48.920270 +0000 UTC m=+48.920270,2024-07-28 23:22:59.054075 +0000 UTC m=+59.054075,10.133805,10000,986.7961737965156,10133.805,insertion
2024-07-28 23:23:04.059456 +0000 UTC m=+4.059456,2024-07-28 23:23:13.363348 +0000 UTC m=+13.363348,9.303892,10000,1074.8190112266996,9303.892,insertion
2024-07-28 23:23:18.368706 +0000 UTC m=+18.368706,2024-07-28 23:23:18.435618 +0000 UTC m=+18.435618,0.066912,10000,149450.02391200382,66.912,deletion
2024-07-28 23:23:18.436088 +0000 UTC m=+18.436088,2024-07-28 23:23:28.760242 +0000 UTC m=+28.760242,10.324154,10000,968.6023668379995,10324.154,insertion
2024-07-28 23:23:33.765574 +0000 UTC m=+33.765574,2024-07-28 23:23:44.184288 +0000 UTC m=+44.184288,10.418714,10000,959.811354837075,10418.714,insertion
2024-07-28 23:23:49.189659 +0000 UTC m=+49.189659,2024-07-28 23:23:59.159491 +0000 UTC m=+59.159491,9.969832,10000,1003.0259286214653,9969.832,insertion
2024-07-28 23:24:04.164842 +0000 UTC m=+4.164842,2024-07-28 23:24:13.945578 +0000 UTC m=+13.945578,9.780736,10000,1022.4179448254201,9780.735999999999,insertion
2024-07-28 23:24:18.950929 +0000 UTC m=+18.950929,2024-07-28 23:24:29.284210 +0000 UTC m=+29.284210,10.333281,10000,967.7468366533341,10333.280999999999,insertion
2024-07-28 23:24:34.289586 +0000 UTC m=+34.289586,2024-07-28 23:24:43.911556 +0000 UTC m=+43.911556,9.62197,10000,1039.2882122891674,9621.97,insertion
2024-07-28 23:24:48.916943 +0000 UTC m=+48.916943,2024-07-28 23:24:58.340066 +0000 UTC m=+58.340066,9.423123,10000,1061.2193006501136,9423.123,insertion
2024-07-28 23:25:03.345410 +0000 UTC m=+3.345410,2024-07-28 23:25:14.588880 +0000 UTC m=+14.588880,11.24347,10000,889.4051391607751,11243.470000000001,insertion
2024-07-28 23:25:19.594227 +0000 UTC m=+19.594227,2024-07-28 23:25:29.218991 +0000 UTC m=+29.218991,9.624764,10000,1038.986514370638,9624.764000000001,insertion
2024-07-28 23:25:34.224343 +0000 UTC m=+34.224343,2024-07-28 23:25:44.127469 +0000 UTC m=+44.127469,9.903126,10000,1009.7821637329465,9903.126,insertion
2024-07-28 23:25:49.132833 +0000 UTC m=+49.132833,2024-07-28 23:25:49.240302 +0000 UTC m=+49.240302,0.107469,10000,93050.08886283486,107.469,deletion
2024-07-28 23:25:49.240920 +0000 UTC m=+49.240920,2024-07-28 23:25:50.250010 +0000 UTC m=+50.250010,1.00909,1000,990.9918837764718,1009.09,insertion
2024-07-28 23:25:55.255369 +0000 UTC m=+55.255369,2024-07-28 23:25:56.286650 +0000 UTC m=+56.286650,1.031281,1000,969.6678208945963,1031.281,insertion
2024-07-28 23:26:01.291994 +0000 UTC m=+1.291994,2024-07-28 23:26:02.307213 +0000 UTC m=+2.307213,1.015219,1000,985.0091458099188,1015.219,insertion
2024-07-28 23:26:07.312555 +0000 UTC m=+7.312555,2024-07-28 23:26:08.275455 +0000 UTC m=+8.275455,0.9629,1000,1038.5294423096896,962.9,insertion
2024-07-28 23:26:13.280795 +0000 UTC m=+13.280795,2024-07-28 23:26:14.377246 +0000 UTC m=+14.377246,1.096451,1000,912.0334606836055,1096.451,insertion
2024-07-28 23:26:19.382580 +0000 UTC m=+19.382580,2024-07-28 23:26:20.377254 +0000 UTC m=+20.377254,0.994674,1000,1005.3545181637402,994.674,insertion
2024-07-28 23:26:25.382624 +0000 UTC m=+25.382624,2024-07-28 23:26:26.446429 +0000 UTC m=+26.446429,1.063805,1000,940.0219025103286,1063.8049999999998,insertion
2024-07-28 23:26:31.451756 +0000 UTC m=+31.451756,2024-07-28 23:26:32.483337 +0000 UTC m=+32.483337,1.031581,1000,969.3858262220804,1031.5810000000001,insertion
2024-07-28 23:26:37.488690 +0000 UTC m=+37.488690,2024-07-28 23:26:38.500114 +0000 UTC m=+38.500114,1.011424,1000,988.7050336950674,1011.4240000000001,insertion
2024-07-28 23:26:43.505535 +0000 UTC m=+43.505535,2024-07-28 23:26:44.578646 +0000 UTC m=+44.578646,1.073111,1000,931.8700488579467,1073.1109999999999,insertion
2024-07-28 23:26:49.584005 +0000 UTC m=+49.584005,2024-07-28 23:26:49.596705 +0000 UTC m=+49.596705,0.0127,1000,78740.15748031497,12.7,deletion
2024-07-28 23:26:49.597165 +0000 UTC m=+49.597165,2024-07-28 23:26:50.656959 +0000 UTC m=+50.656959,1.059794,1000,943.5796013187469,1059.7939999999999,insertion
2024-07-28 23:26:55.662279 +0000 UTC m=+55.662279,2024-07-28 23:26:56.655957 +0000 UTC m=+56.655957,0.993678,1000,1006.3622219672772,993.678,insertion
2024-07-28 23:27:01.660595 +0000 UTC m=+1.660595,2024-07-28 23:27:02.712075 +0000 UTC m=+2.712075,1.05148,1000,951.0404382394339,1051.48,insertion
2024-07-28 23:27:07.717391 +0000 UTC m=+7.717391,2024-07-28 23:27:08.771880 +0000 UTC m=+8.771880,1.054489,1000,948.3266302446019,1054.489,insertion
2024-07-28 23:27:13.777239 +0000 UTC m=+13.777239,2024-07-28 23:27:14.703826 +0000 UTC m=+14.703826,0.926587,1000,1079.2294733252247,926.5870000000001,insertion
2024-07-28 23:27:19.709159 +0000 UTC m=+19.709159,2024-07-28 23:27:20.664690 +0000 UTC m=+20.664690,0.955531,1000,1046.5385215131691,955.5310000000001,insertion
2024-07-28 23:27:25.670042 +0000 UTC m=+25.670042,2024-07-28 23:27:26.715752 +0000 UTC m=+26.715752,1.04571,1000,956.2880722188753,1045.7099999999998,insertion
2024-07-28 23:27:31.721109 +0000 UTC m=+31.721109,2024-07-28 23:27:32.715277 +0000 UTC m=+32.715277,0.994168,1000,1005.8662117469079,994.168,insertion
2024-07-28 23:27:37.720629 +0000 UTC m=+37.720629,2024-07-28 23:27:38.832460 +0000 UTC m=+38.832460,1.111831,1000,899.4172675523528,1111.831,insertion
2024-07-28 23:27:43.837873 +0000 UTC m=+43.837873,2024-07-28 23:27:44.922458 +0000 UTC m=+44.922458,1.084585,1000,922.0116450070765,1084.5849999999998,insertion
2024-07-28 23:27:49.926603 +0000 UTC m=+49.926603,2024-07-28 23:27:49.938546 +0000 UTC m=+49.938546,0.011943,1000,83731.05584861425,11.943,deletion
2024-07-28 23:27:49.939002 +0000 UTC m=+49.939002,2024-07-28 23:27:50.945970 +0000 UTC m=+50.945970,1.006968,1000,993.0802170476121,1006.9680000000001,insertion
2024-07-28 23:27:55.951312 +0000 UTC m=+55.951312,2024-07-28 23:27:57.078044 +0000 UTC m=+57.078044,1.126732,1000,887.5224986953418,1126.732,insertion
2024-07-28 23:28:02.083401 +0000 UTC m=+2.083401,2024-07-28 23:28:03.271432 +0000 UTC m=+3.271432,1.188031,1000,841.7288774451172,1188.031,insertion
2024-07-28 23:28:08.276800 +0000 UTC m=+8.276800,2024-07-28 23:28:09.403367 +0000 UTC m=+9.403367,1.126567,1000,887.6524876017138,1126.567,insertion
2024-07-28 23:28:14.408720 +0000 UTC m=+14.408720,2024-07-28 23:28:15.500013 +0000 UTC m=+15.500013,1.091293,1000,916.3441898738469,1091.2930000000001,insertion
2024-07-28 23:28:20.505365 +0000 UTC m=+20.505365,2024-07-28 23:28:21.664424 +0000 UTC m=+21.664424,1.159059,1000,862.7688495581328,1159.059,insertion
2024-07-28 23:28:26.669817 +0000 UTC m=+26.669817,2024-07-28 23:28:27.757970 +0000 UTC m=+27.757970,1.088153,1000,918.9884143130608,1088.153,insertion
2024-07-28 23:28:32.763297 +0000 UTC m=+32.763297,2024-07-28 23:28:33.782327 +0000 UTC m=+33.782327,1.01903,1000,981.3253780556018,1019.0300000000001,insertion
2024-07-28 23:28:38.784629 +0000 UTC m=+38.784629,2024-07-28 23:28:39.853039 +0000 UTC m=+39.853039,1.06841,1000,935.9702735841109,1068.41,insertion
2024-07-28 23:28:44.858386 +0000 UTC m=+44.858386,2024-07-28 23:28:45.862283 +0000 UTC m=+45.862283,1.003897,1000,996.1181276565225,1003.897,insertion
2024-07-28 23:28:50.867648 +0000 UTC m=+50.867648,2024-07-28 23:28:50.879630 +0000 UTC m=+50.879630,0.011982,1000,83458.52111500585,11.982,deletion
2024-07-28 23:28:50.880084 +0000 UTC m=+50.880084,2024-07-28 23:28:51.897507 +0000 UTC m=+51.897507,1.017423,1000,982.8753625581494,1017.423,insertion
2024-07-28 23:28:56.902870 +0000 UTC m=+56.902870,2024-07-28 23:28:57.934985 +0000 UTC m=+57.934985,1.032115,1000,968.8842813058624,1032.1149999999998,insertion
2024-07-28 23:29:02.940324 +0000 UTC m=+2.940324,2024-07-28 23:29:03.975935 +0000 UTC m=+3.975935,1.035611,1000,965.613536356798,1035.611,insertion
2024-07-28 23:29:08.980587 +0000 UTC m=+8.980587,2024-07-28 23:29:10.028032 +0000 UTC m=+10.028032,1.047445,1000,954.7040656072634,1047.445,insertion
2024-07-28 23:29:15.033388 +0000 UTC m=+15.033388,2024-07-28 23:29:16.061030 +0000 UTC m=+16.061030,1.027642,1000,973.1015275747781,1027.642,insertion
2024-07-28 23:29:21.066392 +0000 UTC m=+21.066392,2024-07-28 23:29:22.029864 +0000 UTC m=+22.029864,0.963472,1000,1037.912881744358,963.472,insertion
2024-07-28 23:29:27.035209 +0000 UTC m=+27.035209,2024-07-28 23:29:28.145593 +0000 UTC m=+28.145593,1.110384,1000,900.589345667805,1110.384,insertion
2024-07-28 23:29:33.150957 +0000 UTC m=+33.150957,2024-07-28 23:29:34.209294 +0000 UTC m=+34.209294,1.058337,1000,944.8786161685738,1058.337,insertion
2024-07-28 23:29:39.214651 +0000 UTC m=+39.214651,2024-07-28 23:29:40.230794 +0000 UTC m=+40.230794,1.016143,1000,984.1134564721698,1016.143,insertion
2024-07-28 23:29:45.236144 +0000 UTC m=+45.236144,2024-07-28 23:29:46.289336 +0000 UTC m=+46.289336,1.053192,1000,949.4944891339851,1053.192,insertion
2024-07-28 23:29:51.294668 +0000 UTC m=+51.294668,2024-07-28 23:29:51.306950 +0000 UTC m=+51.306950,0.012282,1000,81419.96417521576,12.282,deletion
2024-07-28 23:29:51.307390 +0000 UTC m=+51.307390,2024-07-28 23:29:52.450814 +0000 UTC m=+52.450814,1.143424,1000,874.566215157282,1143.424,insertion
2024-07-28 23:29:57.456215 +0000 UTC m=+57.456215,2024-07-28 23:29:58.522874 +0000 UTC m=+58.522874,1.066659,1000,937.5067383296818,1066.659,insertion
2024-07-28 23:30:03.528215 +0000 UTC m=+3.528215,2024-07-28 23:30:04.622264 +0000 UTC m=+4.622264,1.094049,1000,914.0358430015474,1094.049,insertion
2024-07-28 23:30:09.624612 +0000 UTC m=+9.624612,2024-07-28 23:30:10.692347 +0000 UTC m=+10.692347,1.067735,1000,936.5619746472672,1067.7350000000001,insertion
2024-07-28 23:30:15.697717 +0000 UTC m=+15.697717,2024-07-28 23:30:16.688791 +0000 UTC m=+16.688791,0.991074,1000,1009.0063910464809,991.074,insertion
2024-07-28 23:30:21.694124 +0000 UTC m=+21.694124,2024-07-28 23:30:22.783998 +0000 UTC m=+22.783998,1.089874,1000,917.5372566003042,1089.874,insertion
2024-07-28 23:30:27.789322 +0000 UTC m=+27.789322,2024-07-28 23:30:28.816465 +0000 UTC m=+28.816465,1.027143,1000,973.5742734945378,1027.143,insertion
2024-07-28 23:30:33.821849 +0000 UTC m=+33.821849,2024-07-28 23:30:34.827955 +0000 UTC m=+34.827955,1.006106,1000,993.9310569661646,1006.106,insertion
2024-07-28 23:30:39.832595 +0000 UTC m=+39.832595,2024-07-28 23:30:40.831457 +0000 UTC m=+40.831457,0.998862,1000,1001.1392965194391,998.8620000000001,insertion
2024-07-28 23:30:45.836816 +0000 UTC m=+45.836816,2024-07-28 23:30:46.824914 +0000 UTC m=+46.824914,0.988098,1000,1012.0453639213924,988.0980000000001,insertion
2024-07-28 23:30:51.830246 +0000 UTC m=+51.830246,2024-07-28 23:30:51.847018 +0000 UTC m=+51.847018,0.016772,1000,59623.18149296447,16.772,deletion
2024-07-28 23:30:51.847490 +0000 UTC m=+51.847490,2024-07-28 23:30:52.857069 +0000 UTC m=+52.857069,1.009579,1000,990.5118866378956,1009.579,insertion
2024-07-28 23:30:57.862410 +0000 UTC m=+57.862410,2024-07-28 23:30:58.894312 +0000 UTC m=+58.894312,1.031902,1000,969.0842735065926,1031.902,insertion
2024-07-28 23:31:03.899665 +0000 UTC m=+3.899665,2024-07-28 23:31:04.934678 +0000 UTC m=+4.934678,1.035013,1000,966.1714393925487,1035.013,insertion
2024-07-28 23:31:09.940023 +0000 UTC m=+9.940023,2024-07-28 23:31:10.929599 +0000 UTC m=+10.929599,0.989576,1000,1010.533804376824,989.576,insertion
2024-07-28 23:31:15.934904 +0000 UTC m=+15.934904,2024-07-28 23:31:16.960120 +0000 UTC m=+16.960120,1.025216,1000,975.4042075035895,1025.216,insertion
2024-07-28 23:31:21.965446 +0000 UTC m=+21.965446,2024-07-28 23:31:22.988109 +0000 UTC m=+22.988109,1.022663,1000,977.8392295409142,1022.6630000000001,insertion
2024-07-28 23:31:27.993446 +0000 UTC m=+27.993446,2024-07-28 23:31:28.968941 +0000 UTC m=+28.968941,0.975495,1000,1025.1205798081999,975.495,insertion
2024-07-28 23:31:33.974273 +0000 UTC m=+33.974273,2024-07-28 23:31:34.918109 +0000 UTC m=+34.918109,0.943836,1000,1059.5061006361275,943.836,insertion
2024-07-28 23:31:39.923462 +0000 UTC m=+39.923462,2024-07-28 23:31:40.885655 +0000 UTC m=+40.885655,0.962193,1000,1039.2925327870812,962.193,insertion
2024-07-28 23:31:45.889009 +0000 UTC m=+45.889009,2024-07-28 23:31:46.826944 +0000 UTC m=+46.826944,0.937935,1000,1066.1719628758924,937.935,insertion
2024-07-28 23:31:51.832245 +0000 UTC m=+51.832245,2024-07-28 23:31:51.844096 +0000 UTC m=+51.844096,0.011851,1000,84381.0648890389,11.851,deletion
2024-07-28 23:31:51.844565 +0000 UTC m=+51.844565,2024-07-28 23:31:52.803105 +0000 UTC m=+52.803105,0.95854,1000,1043.2532810315688,958.54,insertion
2024-07-28 23:31:57.808460 +0000 UTC m=+57.808460,2024-07-28 23:31:58.819630 +0000 UTC m=+58.819630,1.01117,1000,988.9533906266998,1011.1699999999998,insertion
2024-07-28 23:32:03.824983 +0000 UTC m=+3.824983,2024-07-28 23:32:04.924203 +0000 UTC m=+4.924203,1.09922,1000,909.7359946143629,1099.22,insertion
2024-07-28 23:32:09.929556 +0000 UTC m=+9.929556,2024-07-28 23:32:10.958287 +0000 UTC m=+10.958287,1.028731,1000,972.0714161428011,1028.731,insertion
2024-07-28 23:32:15.963630 +0000 UTC m=+15.963630,2024-07-28 23:32:17.016947 +0000 UTC m=+17.016947,1.053317,1000,949.381810034396,1053.317,insertion
2024-07-28 23:32:22.022289 +0000 UTC m=+22.022289,2024-07-28 23:32:22.993177 +0000 UTC m=+22.993177,0.970888,1000,1029.9849210207562,970.8879999999999,insertion
2024-07-28 23:32:27.998617 +0000 UTC m=+27.998617,2024-07-28 23:32:29.019186 +0000 UTC m=+29.019186,1.020569,1000,979.845556743346,1020.5690000000001,insertion
2024-07-28 23:32:34.024569 +0000 UTC m=+34.024569,2024-07-28 23:32:35.120815 +0000 UTC m=+35.120815,1.096246,1000,912.2040126030106,1096.246,insertion
2024-07-28 23:32:40.126191 +0000 UTC m=+40.126191,2024-07-28 23:32:41.156175 +0000 UTC m=+41.156175,1.029984,1000,970.8888681765931,1029.984,insertion
2024-07-28 23:32:46.161524 +0000 UTC m=+46.161524,2024-07-28 23:32:47.232850 +0000 UTC m=+47.232850,1.071326,1000,933.4226929991431,1071.326,insertion
2024-07-28 23:32:52.238184 +0000 UTC m=+52.238184,2024-07-28 23:32:52.250289 +0000 UTC m=+52.250289,0.012105,1000,82610.49153242462,12.104999999999999,deletion
2024-07-28 23:32:52.250747 +0000 UTC m=+52.250747,2024-07-28 23:32:53.290860 +0000 UTC m=+53.290860,1.040113,1000,961.4339980367517,1040.113,insertion
2024-07-28 23:32:58.296212 +0000 UTC m=+58.296212,2024-07-28 23:32:59.320986 +0000 UTC m=+59.320986,1.024774,1000,975.8249135907039,1024.7740000000001,insertion
2024-07-28 23:33:04.326331 +0000 UTC m=+4.326331,2024-07-28 23:33:05.325169 +0000 UTC m=+5.325169,0.998838,1000,1001.1633518148088,998.838,insertion
2024-07-28 23:33:10.330502 +0000 UTC m=+10.330502,2024-07-28 23:33:11.291943 +0000 UTC m=+11.291943,0.961441,1000,1040.1054250858867,961.441,insertion
2024-07-28 23:33:16.296591 +0000 UTC m=+16.296591,2024-07-28 23:33:17.234545 +0000 UTC m=+17.234545,0.937954,1000,1066.1503655829604,937.954,insertion
2024-07-28 23:33:22.239892 +0000 UTC m=+22.239892,2024-07-28 23:33:23.249991 +0000 UTC m=+23.249991,1.010099,1000,990.0019701039205,1010.099,insertion
2024-07-28 23:33:28.255332 +0000 UTC m=+28.255332,2024-07-28 23:33:29.328274 +0000 UTC m=+29.328274,1.072942,1000,932.0168284958553,1072.942,insertion
2024-07-28 23:33:34.333653 +0000 UTC m=+34.333653,2024-07-28 23:33:35.455684 +0000 UTC m=+35.455684,1.122031,1000,891.2409728429964,1122.031,insertion
2024-07-28 23:33:40.458410 +0000 UTC m=+40.458410,2024-07-28 23:33:41.623002 +0000 UTC m=+41.623002,1.164592,1000,858.66981741245,1164.592,insertion
2024-07-28 23:33:46.628339 +0000 UTC m=+46.628339,2024-07-28 23:33:47.690670 +0000 UTC m=+47.690670,1.062331,1000,941.3261968256598,1062.331,insertion
2024-07-28 23:33:52.696035 +0000 UTC m=+52.696035,2024-07-28 23:33:52.708207 +0000 UTC m=+52.708207,0.012172,1000,82155.7673348669,12.172,deletion
2024-07-28 23:33:52.708699 +0000 UTC m=+52.708699,2024-07-28 23:33:53.745501 +0000 UTC m=+53.745501,1.036802,1000,964.5043122987803,1036.802,insertion
2024-07-28 23:33:58.750863 +0000 UTC m=+58.750863,2024-07-28 23:33:59.807794 +0000 UTC m=+59.807794,1.056931,1000,946.1355566257399,1056.931,insertion
2024-07-28 23:34:04.813149 +0000 UTC m=+4.813149,2024-07-28 23:34:05.870289 +0000 UTC m=+5.870289,1.05714,1000,945.9485025635205,1057.1399999999999,insertion
2024-07-28 23:34:10.875661 +0000 UTC m=+10.875661,2024-07-28 23:34:12.024036 +0000 UTC m=+12.024036,1.148375,1000,870.7956895613368,1148.375,insertion
2024-07-28 23:34:17.029363 +0000 UTC m=+17.029363,2024-07-28 23:34:18.094874 +0000 UTC m=+18.094874,1.065511,1000,938.5168243218511,1065.5110000000002,insertion
2024-07-28 23:34:23.096693 +0000 UTC m=+23.096693,2024-07-28 23:34:24.107050 +0000 UTC m=+24.107050,1.010357,1000,989.7491678683872,1010.357,insertion
2024-07-28 23:34:29.112397 +0000 UTC m=+29.112397,2024-07-28 23:34:30.165854 +0000 UTC m=+30.165854,1.053457,1000,949.2556411889616,1053.457,insertion
2024-07-28 23:34:35.171199 +0000 UTC m=+35.171199,2024-07-28 23:34:36.264878 +0000 UTC m=+36.264878,1.093679,1000,914.3450683427221,1093.679,insertion
2024-07-28 23:34:41.270249 +0000 UTC m=+41.270249,2024-07-28 23:34:42.475193 +0000 UTC m=+42.475193,1.204944,1000,829.9140872936833,1204.944,insertion
2024-07-28 23:34:47.480554 +0000 UTC m=+47.480554,2024-07-28 23:34:48.619395 +0000 UTC m=+48.619395,1.138841,1000,878.0857029207765,1138.841,insertion
2024-07-28 23:34:53.624798 +0000 UTC m=+53.624798,2024-07-28 23:34:53.638562 +0000 UTC m=+53.638562,0.013764,1000,72653.29845975008,13.764,deletion
2024-07-28 23:34:53.639026 +0000 UTC m=+53.639026,2024-07-28 23:34:54.742300 +0000 UTC m=+54.742300,1.103274,1000,906.3931534686759,1103.2740000000001,insertion
2024-07-28 23:34:59.747631 +0000 UTC m=+59.747631,2024-07-28 23:35:00.833009 +0000 UTC m=+0.833009,1.085378,1000,921.3380039027878,1085.378,insertion
2024-07-28 23:35:05.836614 +0000 UTC m=+5.836614,2024-07-28 23:35:06.915226 +0000 UTC m=+6.915226,1.078612,1000,927.1174435292766,1078.6119999999999,insertion
2024-07-28 23:35:11.920670 +0000 UTC m=+11.920670,2024-07-28 23:35:13.026534 +0000 UTC m=+13.026534,1.105864,1000,904.2703261883921,1105.864,insertion
2024-07-28 23:35:18.031890 +0000 UTC m=+18.031890,2024-07-28 23:35:19.127104 +0000 UTC m=+19.127104,1.095214,1000,913.0635656593141,1095.214,insertion
2024-07-28 23:35:24.132459 +0000 UTC m=+24.132459,2024-07-28 23:35:25.150957 +0000 UTC m=+25.150957,1.018498,1000,981.8379613902041,1018.4979999999999,insertion
2024-07-28 23:35:30.155903 +0000 UTC m=+30.155903,2024-07-28 23:35:31.308826 +0000 UTC m=+31.308826,1.152923,1000,867.3606129810925,1152.923,insertion
2024-07-28 23:35:36.314171 +0000 UTC m=+36.314171,2024-07-28 23:35:37.339773 +0000 UTC m=+37.339773,1.025602,1000,975.0371001616612,1025.6019999999999,insertion
2024-07-28 23:35:42.345143 +0000 UTC m=+42.345143,2024-07-28 23:35:43.449982 +0000 UTC m=+43.449982,1.104839,1000,905.1092512121677,1104.839,insertion
2024-07-28 23:35:48.455351 +0000 UTC m=+48.455351,2024-07-28 23:35:49.530911 +0000 UTC m=+49.530911,1.07556,1000,929.7482241808917,1075.5600000000002,insertion
2024-07-28 23:35:54.536231 +0000 UTC m=+54.536231,2024-07-28 23:35:54.552855 +0000 UTC m=+54.552855,0.016624,1000,60153.99422521656,16.624,deletion
2024-07-28 23:35:54.553412 +0000 UTC m=+54.553412,2024-07-28 23:35:54.671439 +0000 UTC m=+54.671439,0.118027,100,847.263761681649,118.027,insertion
2024-07-28 23:35:59.676779 +0000 UTC m=+59.676779,2024-07-28 23:35:59.792138 +0000 UTC m=+59.792138,0.115359,100,866.859109388951,115.35900000000001,insertion
2024-07-28 23:36:04.797490 +0000 UTC m=+4.797490,2024-07-28 23:36:04.918670 +0000 UTC m=+4.918670,0.12118,100,825.218682950982,121.17999999999999,insertion
2024-07-28 23:36:09.924010 +0000 UTC m=+9.924010,2024-07-28 23:36:10.041732 +0000 UTC m=+10.041732,0.117722,100,849.4588946840863,117.722,insertion
2024-07-28 23:36:15.047095 +0000 UTC m=+15.047095,2024-07-28 23:36:15.154237 +0000 UTC m=+15.154237,0.107142,100,933.3408000597339,107.142,insertion
2024-07-28 23:36:20.159579 +0000 UTC m=+20.159579,2024-07-28 23:36:20.260146 +0000 UTC m=+20.260146,0.100567,100,994.3619676434615,100.56700000000001,insertion
2024-07-28 23:36:25.265483 +0000 UTC m=+25.265483,2024-07-28 23:36:25.371044 +0000 UTC m=+25.371044,0.105561,100,947.319559306941,105.561,insertion
2024-07-28 23:36:30.376385 +0000 UTC m=+30.376385,2024-07-28 23:36:30.476999 +0000 UTC m=+30.476999,0.100614,100,993.8974695370426,100.61399999999999,insertion
2024-07-28 23:36:35.482340 +0000 UTC m=+35.482340,2024-07-28 23:36:35.587107 +0000 UTC m=+35.587107,0.104767,100,954.4990311834833,104.767,insertion
2024-07-28 23:36:40.592467 +0000 UTC m=+40.592467,2024-07-28 23:36:40.710532 +0000 UTC m=+40.710532,0.118065,100,846.9910642442723,118.065,insertion
2024-07-28 23:36:45.715926 +0000 UTC m=+45.715926,2024-07-28 23:36:45.719255 +0000 UTC m=+45.719255,0.003329,100,30039.050765995795,3.3289999999999997,deletion
2024-07-28 23:36:45.719762 +0000 UTC m=+45.719762,2024-07-28 23:36:45.838081 +0000 UTC m=+45.838081,0.118319,100,845.172795578056,118.31899999999999,insertion
2024-07-28 23:36:50.843439 +0000 UTC m=+50.843439,2024-07-28 23:36:50.949402 +0000 UTC m=+50.949402,0.105963,100,943.7256400819153,105.96300000000001,insertion
2024-07-28 23:36:55.954753 +0000 UTC m=+55.954753,2024-07-28 23:36:56.062314 +0000 UTC m=+56.062314,0.107561,100,929.7050046020397,107.561,insertion
2024-07-28 23:37:01.067662 +0000 UTC m=+1.067662,2024-07-28 23:37:01.183985 +0000 UTC m=+1.183985,0.116323,100,859.6752147038849,116.323,insertion
2024-07-28 23:37:06.189303 +0000 UTC m=+6.189303,2024-07-28 23:37:06.308493 +0000 UTC m=+6.308493,0.11919,100,838.9965601141035,119.19,insertion
2024-07-28 23:37:11.313864 +0000 UTC m=+11.313864,2024-07-28 23:37:11.421510 +0000 UTC m=+11.421510,0.107646,100,928.9708860524311,107.646,insertion
2024-07-28 23:37:16.426880 +0000 UTC m=+16.426880,2024-07-28 23:37:16.539793 +0000 UTC m=+16.539793,0.112913,100,885.6376148007759,112.913,insertion
2024-07-28 23:37:21.545170 +0000 UTC m=+21.545170,2024-07-28 23:37:21.657303 +0000 UTC m=+21.657303,0.112133,100,891.7981325747104,112.133,insertion
2024-07-28 23:37:26.662642 +0000 UTC m=+26.662642,2024-07-28 23:37:26.762763 +0000 UTC m=+26.762763,0.100121,100,998.79146233058,100.121,insertion
2024-07-28 23:37:31.768108 +0000 UTC m=+31.768108,2024-07-28 23:37:31.866396 +0000 UTC m=+31.866396,0.098288,100,1017.418199576754,98.288,insertion
2024-07-28 23:37:36.871749 +0000 UTC m=+36.871749,2024-07-28 23:37:36.875215 +0000 UTC m=+36.875215,0.003466,100,28851.702250432776,3.4659999999999997,deletion
2024-07-28 23:37:36.875648 +0000 UTC m=+36.875648,2024-07-28 23:37:36.970377 +0000 UTC m=+36.970377,0.094729,100,1055.6429393322003,94.729,insertion
2024-07-28 23:37:41.975758 +0000 UTC m=+41.975758,2024-07-28 23:37:42.084158 +0000 UTC m=+42.084158,0.1084,100,922.509225092251,108.39999999999999,insertion
2024-07-28 23:37:47.089629 +0000 UTC m=+47.089629,2024-07-28 23:37:47.197592 +0000 UTC m=+47.197592,0.107963,100,926.2432500023156,107.96300000000001,insertion
2024-07-28 23:37:52.202949 +0000 UTC m=+52.202949,2024-07-28 23:37:52.309658 +0000 UTC m=+52.309658,0.106709,100,937.1280772943238,106.709,insertion
2024-07-28 23:37:57.315011 +0000 UTC m=+57.315011,2024-07-28 23:37:57.425979 +0000 UTC m=+57.425979,0.110968,100,901.160694975128,110.968,insertion
2024-07-28 23:38:02.431311 +0000 UTC m=+2.431311,2024-07-28 23:38:02.543903 +0000 UTC m=+2.543903,0.112592,100,888.1625692766804,112.592,insertion
2024-07-28 23:38:07.549226 +0000 UTC m=+7.549226,2024-07-28 23:38:07.659154 +0000 UTC m=+7.659154,0.109928,100,909.6863401499163,109.928,insertion
2024-07-28 23:38:12.664546 +0000 UTC m=+12.664546,2024-07-28 23:38:12.773586 +0000 UTC m=+12.773586,0.10904,100,917.094644167278,109.03999999999999,insertion
2024-07-28 23:38:17.778943 +0000 UTC m=+17.778943,2024-07-28 23:38:17.897912 +0000 UTC m=+17.897912,0.118969,100,840.5551025897503,118.96900000000001,insertion
2024-07-28 23:38:22.903278 +0000 UTC m=+22.903278,2024-07-28 23:38:23.014927 +0000 UTC m=+23.014927,0.111649,100,895.664090139634,111.649,insertion
2024-07-28 23:38:28.020231 +0000 UTC m=+28.020231,2024-07-28 23:38:28.023938 +0000 UTC m=+28.023938,0.003707,100,26975.991367682764,3.707,deletion
2024-07-28 23:38:28.024350 +0000 UTC m=+28.024350,2024-07-28 23:38:28.125187 +0000 UTC m=+28.125187,0.100837,100,991.6994753909776,100.83699999999999,insertion
2024-07-28 23:38:33.130548 +0000 UTC m=+33.130548,2024-07-28 23:38:33.228162 +0000 UTC m=+33.228162,0.097614,100,1024.4432151125861,97.614,insertion
2024-07-28 23:38:38.233532 +0000 UTC m=+38.233532,2024-07-28 23:38:38.348452 +0000 UTC m=+38.348452,0.11492,100,870.170553428472,114.91999999999999,insertion
2024-07-28 23:38:43.353872 +0000 UTC m=+43.353872,2024-07-28 23:38:43.473044 +0000 UTC m=+43.473044,0.119172,100,839.1232839928842,119.172,insertion
2024-07-28 23:38:48.478423 +0000 UTC m=+48.478423,2024-07-28 23:38:48.604988 +0000 UTC m=+48.604988,0.126565,100,790.1078497214869,126.56500000000001,insertion
2024-07-28 23:38:53.610332 +0000 UTC m=+53.610332,2024-07-28 23:38:53.739216 +0000 UTC m=+53.739216,0.128884,100,775.8914993327334,128.884,insertion
2024-07-28 23:38:58.744583 +0000 UTC m=+58.744583,2024-07-28 23:38:58.864535 +0000 UTC m=+58.864535,0.119952,100,833.6668000533547,119.952,insertion
2024-07-28 23:39:03.869879 +0000 UTC m=+3.869879,2024-07-28 23:39:03.977427 +0000 UTC m=+3.977427,0.107548,100,929.8173838658087,107.548,insertion
2024-07-28 23:39:08.982775 +0000 UTC m=+8.982775,2024-07-28 23:39:09.096639 +0000 UTC m=+9.096639,0.113864,100,878.240708213307,113.864,insertion
2024-07-28 23:39:14.101998 +0000 UTC m=+14.101998,2024-07-28 23:39:14.202028 +0000 UTC m=+14.202028,0.10003,100,999.7000899730082,100.02999999999999,insertion
2024-07-28 23:39:19.207382 +0000 UTC m=+19.207382,2024-07-28 23:39:19.211340 +0000 UTC m=+19.211340,0.003958,100,25265.285497726127,3.9579999999999997,deletion
2024-07-28 23:39:19.211805 +0000 UTC m=+19.211805,2024-07-28 23:39:19.310111 +0000 UTC m=+19.310111,0.098306,100,1017.2319085305068,98.30600000000001,insertion
2024-07-28 23:39:24.315457 +0000 UTC m=+24.315457,2024-07-28 23:39:24.427383 +0000 UTC m=+24.427383,0.111926,100,893.4474563550917,111.926,insertion
2024-07-28 23:39:29.432750 +0000 UTC m=+29.432750,2024-07-28 23:39:29.544905 +0000 UTC m=+29.544905,0.112155,100,891.6232000356649,112.155,insertion
2024-07-28 23:39:34.548583 +0000 UTC m=+34.548583,2024-07-28 23:39:34.657086 +0000 UTC m=+34.657086,0.108503,100,921.6335032211091,108.503,insertion
2024-07-28 23:39:39.662453 +0000 UTC m=+39.662453,2024-07-28 23:39:39.773662 +0000 UTC m=+39.773662,0.111209,100,899.2077979300236,111.209,insertion
2024-07-28 23:39:44.778997 +0000 UTC m=+44.778997,2024-07-28 23:39:44.894439 +0000 UTC m=+44.894439,0.115442,100,866.2358586996068,115.44200000000001,insertion
2024-07-28 23:39:49.899816 +0000 UTC m=+49.899816,2024-07-28 23:39:50.009048 +0000 UTC m=+50.009048,0.109232,100,915.4826424490992,109.232,insertion
2024-07-28 23:39:55.014419 +0000 UTC m=+55.014419,2024-07-28 23:39:55.126768 +0000 UTC m=+55.126768,0.112349,100,890.0835788480538,112.349,insertion
2024-07-28 23:40:00.132101 +0000 UTC m=+0.132101,2024-07-28 23:40:00.231464 +0000 UTC m=+0.231464,0.099363,100,1006.410837031893,99.36300000000001,insertion
2024-07-28 23:40:05.236815 +0000 UTC m=+5.236815,2024-07-28 23:40:05.341423 +0000 UTC m=+5.341423,0.104608,100,955.9498317528296,104.608,insertion
2024-07-28 23:40:10.346786 +0000 UTC m=+10.346786,2024-07-28 23:40:10.350177 +0000 UTC m=+10.350177,0.003391,100,29489.826010026543,3.391,deletion
2024-07-28 23:40:10.350653 +0000 UTC m=+10.350653,2024-07-28 23:40:10.467811 +0000 UTC m=+10.467811,0.117158,100,853.5481998668465,117.158,insertion
2024-07-28 23:40:15.473151 +0000 UTC m=+15.473151,2024-07-28 23:40:15.573703 +0000 UTC m=+15.573703,0.100552,100,994.5103031267404,100.552,insertion
2024-07-28 23:40:20.579063 +0000 UTC m=+20.579063,2024-07-28 23:40:20.694968 +0000 UTC m=+20.694968,0.115905,100,862.775548940943,115.905,insertion
2024-07-28 23:40:25.700324 +0000 UTC m=+25.700324,2024-07-28 23:40:25.808307 +0000 UTC m=+25.808307,0.107983,100,926.0716964707408,107.98299999999999,insertion
2024-07-28 23:40:30.813694 +0000 UTC m=+30.813694,2024-07-28 23:40:30.909638 +0000 UTC m=+30.909638,0.095944,100,1042.2746602184607,95.944,insertion
2024-07-28 23:40:35.912615 +0000 UTC m=+35.912615,2024-07-28 23:40:36.020982 +0000 UTC m=+36.020982,0.108367,100,922.7901482923768,108.367,insertion
2024-07-28 23:40:41.026340 +0000 UTC m=+41.026340,2024-07-28 23:40:41.131796 +0000 UTC m=+41.131796,0.105456,100,948.2627825823092,105.45599999999999,insertion
2024-07-28 23:40:46.137130 +0000 UTC m=+46.137130,2024-07-28 23:40:46.240598 +0000 UTC m=+46.240598,0.103468,100,966.4823906908416,103.468,insertion
2024-07-28 23:40:51.245958 +0000 UTC m=+51.245958,2024-07-28 23:40:51.355438 +0000 UTC m=+51.355438,0.10948,100,913.4088417975887,109.47999999999999,insertion
2024-07-28 23:40:56.360849 +0000 UTC m=+56.360849,2024-07-28 23:40:56.463557 +0000 UTC m=+56.463557,0.102708,100,973.6339915099117,102.708,insertion
2024-07-28 23:41:01.468918 +0000 UTC m=+1.468918,2024-07-28 23:41:01.473055 +0000 UTC m=+1.473055,0.004137,100,24172.1053903795,4.1370000000000005,deletion
2024-07-28 23:41:01.473493 +0000 UTC m=+1.473493,2024-07-28 23:41:01.576092 +0000 UTC m=+1.576092,0.102599,100,974.668369087418,102.59899999999999,insertion
2024-07-28 23:41:06.581426 +0000 UTC m=+6.581426,2024-07-28 23:41:06.679548 +0000 UTC m=+6.679548,0.098122,100,1019.1394386579972,98.122,insertion
2024-07-28 23:41:11.684884 +0000 UTC m=+11.684884,2024-07-28 23:41:11.784209 +0000 UTC m=+11.784209,0.099325,100,1006.7958721369242,99.325,insertion
2024-07-28 23:41:16.789579 +0000 UTC m=+16.789579,2024-07-28 23:41:16.897950 +0000 UTC m=+16.897950,0.108371,100,922.7560878832899,108.371,insertion
2024-07-28 23:41:21.903296 +0000 UTC m=+21.903296,2024-07-28 23:41:22.005989 +0000 UTC m=+22.005989,0.102693,100,973.7762067521642,102.69300000000001,insertion
2024-07-28 23:41:27.011327 +0000 UTC m=+27.011327,2024-07-28 23:41:27.108191 +0000 UTC m=+27.108191,0.096864,100,1032.3752890650808,96.864,insertion
2024-07-28 23:41:32.113529 +0000 UTC m=+32.113529,2024-07-28 23:41:32.216546 +0000 UTC m=+32.216546,0.103017,100,970.7135715464439,103.017,insertion
2024-07-28 23:41:37.221887 +0000 UTC m=+37.221887,2024-07-28 23:41:37.322499 +0000 UTC m=+37.322499,0.100612,100,993.9172265733711,100.612,insertion
2024-07-28 23:41:42.327857 +0000 UTC m=+42.327857,2024-07-28 23:41:42.429045 +0000 UTC m=+42.429045,0.101188,100,988.2594774083883,101.188,insertion
2024-07-28 23:41:47.434396 +0000 UTC m=+47.434396,2024-07-28 23:41:47.533606 +0000 UTC m=+47.533606,0.09921,100,1007.9629069650236,99.21000000000001,insertion
2024-07-28 23:41:52.538958 +0000 UTC m=+52.538958,2024-07-28 23:41:52.541955 +0000 UTC m=+52.541955,0.002997,100,33366.7000333667,2.997,deletion
2024-07-28 23:41:52.542400 +0000 UTC m=+52.542400,2024-07-28 23:41:52.642557 +0000 UTC m=+52.642557,0.100157,100,998.4324610361732,100.157,insertion
2024-07-28 23:41:57.647893 +0000 UTC m=+57.647893,2024-07-28 23:41:57.745862 +0000 UTC m=+57.745862,0.097969,100,1020.7310475762741,97.969,insertion
2024-07-28 23:42:02.751196 +0000 UTC m=+2.751196,2024-07-28 23:42:02.854089 +0000 UTC m=+2.854089,0.102893,100,971.8834128657926,102.893,insertion
2024-07-28 23:42:07.859438 +0000 UTC m=+7.859438,2024-07-28 23:42:07.977694 +0000 UTC m=+7.977694,0.118256,100,845.6230550669734,118.256,insertion
2024-07-28 23:42:12.983049 +0000 UTC m=+12.983049,2024-07-28 23:42:13.096193 +0000 UTC m=+13.096193,0.113144,100,883.8294562681185,113.14399999999999,insertion
2024-07-28 23:42:18.100589 +0000 UTC m=+18.100589,2024-07-28 23:42:18.209943 +0000 UTC m=+18.209943,0.109354,100,914.4612908535581,109.35400000000001,insertion
2024-07-28 23:42:23.215283 +0000 UTC m=+23.215283,2024-07-28 23:42:23.331307 +0000 UTC m=+23.331307,0.116024,100,861.8906433151761,116.024,insertion
2024-07-28 23:42:28.336648 +0000 UTC m=+28.336648,2024-07-28 23:42:28.435309 +0000 UTC m=+28.435309,0.098661,100,1013.5717254031482,98.661,insertion
2024-07-28 23:42:33.440675 +0000 UTC m=+33.440675,2024-07-28 23:42:33.543549 +0000 UTC m=+33.543549,0.102874,100,972.062911911659,102.874,insertion
2024-07-28 23:42:38.548911 +0000 UTC m=+38.548911,2024-07-28 23:42:38.655293 +0000 UTC m=+38.655293,0.106382,100,940.0086480795622,106.382,insertion
2024-07-28 23:42:43.660746 +0000 UTC m=+43.660746,2024-07-28 23:42:43.664337 +0000 UTC m=+43.664337,0.003591,100,27847.3962684489,3.591,deletion
2024-07-28 23:42:43.664787 +0000 UTC m=+43.664787,2024-07-28 23:42:43.761645 +0000 UTC m=+43.761645,0.096858,100,1032.43924095067,96.858,insertion
2024-07-28 23:42:48.766992 +0000 UTC m=+48.766992,2024-07-28 23:42:48.859909 +0000 UTC m=+48.859909,0.092917,100,1076.229322944133,92.917,insertion
2024-07-28 23:42:53.865246 +0000 UTC m=+53.865246,2024-07-28 23:42:53.959294 +0000 UTC m=+53.959294,0.094048,100,1063.2868322558693,94.048,insertion
2024-07-28 23:42:58.964644 +0000 UTC m=+58.964644,2024-07-28 23:42:59.059185 +0000 UTC m=+59.059185,0.094541,100,1057.7421436202283,94.541,insertion
2024-07-28 23:43:04.064546 +0000 UTC m=+4.064546,2024-07-28 23:43:04.172279 +0000 UTC m=+4.172279,0.107733,100,928.2206937521465,107.73299999999999,insertion
2024-07-28 23:43:09.177682 +0000 UTC m=+9.177682,2024-07-28 23:43:09.270818 +0000 UTC m=+9.270818,0.093136,100,1073.6986772032296,93.136,insertion
2024-07-28 23:43:14.276133 +0000 UTC m=+14.276133,2024-07-28 23:43:14.374717 +0000 UTC m=+14.374717,0.098584,100,1014.3633855392355,98.584,insertion
2024-07-28 23:43:19.380121 +0000 UTC m=+19.380121,2024-07-28 23:43:19.483308 +0000 UTC m=+19.483308,0.103187,100,969.1143264170875,103.187,insertion
2024-07-28 23:43:24.488711 +0000 UTC m=+24.488711,2024-07-28 23:43:24.595946 +0000 UTC m=+24.595946,0.107235,100,932.5313563668578,107.235,insertion
2024-07-28 23:43:29.601270 +0000 UTC m=+29.601270,2024-07-28 23:43:29.707944 +0000 UTC m=+29.707944,0.106674,100,937.4355513058476,106.674,insertion
2024-07-28 23:43:34.712637 +0000 UTC m=+34.712637,2024-07-28 23:43:34.715522 +0000 UTC m=+34.715522,0.002885,100,34662.04506065858,2.885,deletion
2024-07-28 23:43:34.715961 +0000 UTC m=+34.715961,2024-07-28 23:43:34.823448 +0000 UTC m=+34.823448,0.107487,100,930.3450649846028,107.487,insertion
2024-07-28 23:43:39.828828 +0000 UTC m=+39.828828,2024-07-28 23:43:39.933334 +0000 UTC m=+39.933334,0.104506,100,956.8828584004746,104.506,insertion
2024-07-28 23:43:44.938749 +0000 UTC m=+44.938749,2024-07-28 23:43:45.046087 +0000 UTC m=+45.046087,0.107338,100,931.6365126982056,107.33800000000001,insertion
2024-07-28 23:43:50.051400 +0000 UTC m=+50.051400,2024-07-28 23:43:50.158013 +0000 UTC m=+50.158013,0.106613,100,937.9719171208014,106.613,insertion
2024-07-28 23:43:55.163340 +0000 UTC m=+55.163340,2024-07-28 23:43:55.271362 +0000 UTC m=+55.271362,0.108022,100,925.7373497991149,108.022,insertion
2024-07-28 23:44:00.276724 +0000 UTC m=+0.276724,2024-07-28 23:44:00.385875 +0000 UTC m=+0.385875,0.109151,100,916.1620140905718,109.151,insertion
2024-07-28 23:44:05.391264 +0000 UTC m=+5.391264,2024-07-28 23:44:05.499024 +0000 UTC m=+5.499024,0.10776,100,927.9881217520416,107.75999999999999,insertion
2024-07-28 23:44:10.504375 +0000 UTC m=+10.504375,2024-07-28 23:44:10.611269 +0000 UTC m=+10.611269,0.106894,100,935.5062024061219,106.894,insertion
2024-07-28 23:44:15.612563 +0000 UTC m=+15.612563,2024-07-28 23:44:15.713569 +0000 UTC m=+15.713569,0.101006,100,990.0401956319427,101.006,insertion
2024-07-28 23:44:20.718898 +0000 UTC m=+20.718898,2024-07-28 23:44:20.811507 +0000 UTC m=+20.811507,0.092609,100,1079.808657905819,92.609,insertion
2024-07-28 23:44:25.816876 +0000 UTC m=+25.816876,2024-07-28 23:44:25.820646 +0000 UTC m=+25.820646,0.00377,100,26525.19893899204,3.77,deletion
